USER_ID,TEST_AGE,CERT_GROUP,TEST_SEX,ITEM_F001,ITEM_F002,ITEM_F018,AGE_GROUP,BMI_GROUP,G_ID,Recommend_pre_ex,Recommend_main_ex,Recommend_finish_ex,Additional_pre_ex,Additional_main_ex,Additional_finish_ex
0,25,하,M,167.3,46.98,16.8,20대,저체중,74,전신 루틴 스트레칭, 누워서 다리 들어올리기,전신 루틴 스트레칭, 유산소 운동 전 동적 루틴 스트레칭," 앉았다 일어서기,  엎드려서 팔 다리 들기,  윗몸올리기 ,  누워서 엉덩이 들어올리기"," 계단 올라갔다 내려오기,  한발 앞으로 내밀고 앉았다 일어서기,  뒤꿈치 들기,  앉았다 일어서기"
1,19,하,M,179.0,84.0,26.2,10대,1단계비만,56,유산소 운동 전 동적 루틴 스트레칭, 걷기,전신 루틴 스트레칭,없음," 달리기,  앉아서 위로 밀기,  앉아서 다리 굽히기,  자전거타기"," 서서 상체 일으키기,  팔굽혀펴기,  달리기,  몸통 들어올리기"
2,19,하,M,171.5,95.6,32.5,10대,2단계비만,62,걷기, 무릎 높여 제자리 달리기,전신 루틴 스트레칭,없음," 엎드려 버티기,  수영,  계단 올라갔다 내려오기,  줄넘기"," 계단 올라갔다 내려오기,  줄넘기,  엎드려 버티기,  스텝퍼 뛰어서 오르내리기"
3,20,하,F,158.4,43.84,17.5,20대,저체중,77,걷기, 무릎 높여 제자리 달리기,전신 루틴 스트레칭,없음," 사다리 안팎 뛰기,  걷기,  계단 뛰기,  앉았다 일어서기"," 사다리 안팎 뛰기,  앉았다 일어서기,  계단 뛰기,  걷기"
4,53,하,M,173.4,73.4,24.4,50대,비만전단계,194,유산소 운동 전 동적 루틴 스트레칭, 앉아서 다리 펴기,전신 루틴 스트레칭,없음," 엎드려 버티기, 윗몸올리기 ,  서서 상체 일으키기,  뒤로 팔굽혀펴기"," 앉아서 위로 밀기,  한발 앞으로 내밀고 앉았다 일어서기, 윗몸올리기 ,  앉아서 다리 밀기"
5,24,하,M,171.9,58.2,19.7,20대,정상체중,80,걷기, 무릎 높여 제자리 달리기,전신 루틴 스트레칭,없음," 엎드려 버티기,  스텝퍼 옆으로 뛰어넘기,  계단 올라갔다 내려오기,  걷기"," 계단 올라갔다 내려오기,  걷기,  엎드려 버티기,  계단 뛰기"
6,58,하,M,168.8,72.9,25.6,50대,1단계비만,200,유산소 운동 전 동적 루틴 스트레칭, 서서 상체 일으키기,전신 루틴 스트레칭,없음," 계단 뛰기, 앉았다 일어서기,  걷기,  자전거타기","달리기,  팔꿈치 굽히기,  앉아서 다리 밀기, 윗몸올리기 "
7,56,하,F,155.8,50.36,20.7,50대,정상체중,191,유산소 운동 전 동적 루틴 스트레칭, 누워서 엉덩이 들어올리기,전신 루틴 스트레칭,없음," 팔굽혀펴기,  앉아서 밀기,  걷기,  바벨들어올리기"," 한발 앞으로 내밀고 앉았다 일어서기,  뒤로 팔굽혀펴기,  앉아서 당겨 내리기, 앉았다 일어서기"
8,21,하,M,183.4,79.76,23.7,20대,비만전단계,86,걷기,달리기,전신 루틴 스트레칭,없음," 버피운동,  계단 올라갔다 내려오기,  걷기,  무릎 높여 제자리 달리기"," 걷기,  계단 올라갔다 내려오기,  버피운동,  줄넘기"
9,20,하,F,159.4,66.64,26.2,20대,1단계비만,95,유산소 운동 전 동적 루틴 스트레칭, 앉아서 다리 펴기,전신 루틴 스트레칭,없음,"윗몸올리기 ,  줄넘기,  한발 앞으로 내밀고 앉았다 일어서기,  앉아서 모으기"," 자전거타기,  줄넘기,  앉아서 다리 굽히기,  수영"
10,20,하,M,189.1,90.0,25.2,20대,1단계비만,92,걷기,달리기,전신 루틴 스트레칭,없음," 줄넘기,  계단 뛰기,  걷기,  무릎 높여 제자리 달리기"," 무릎 높여 제자리 달리기,  줄넘기,  걷기,  계단 올라갔다 내려오기"
11,20,하,F,163.0,52.64,19.8,20대,정상체중,83,걷기, 무릎 높여 제자리 달리기,전신 루틴 스트레칭,없음," 사다리 옆으로 발 옮기기,  걷기, 달리기,  달리기"," 엎드려 버티기,  사다리 옆으로 발 옮기기,  계단 뛰기,  달리기"
12,25,하,M,169.2,67.6,23.6,20대,비만전단계,86,걷기, 무릎 높여 제자리 달리기,전신 루틴 스트레칭,없음," 걷기,  계단 뛰기,  줄넘기,  버피운동"," 줄넘기,  계단 올라갔다 내려오기,  걷기, 달리기"
13,40,하,F,156.5,51.36,21.0,40대,정상체중,155,걷기,달리기,전신 루틴 스트레칭,없음," 버피운동,  무릎 높여 제자리 달리기,  사다리 안팎 뛰기,  걷기"," 사다리 안팎 뛰기,  사다리 옆으로 발 옮기기,  줄넘기,  버피운동"
14,23,하,M,161.0,76.3,29.4,20대,1단계비만,92,걷기,달리기,전신 루틴 스트레칭,없음," 걷기,  무릎 높여 제자리 달리기,  스텝퍼 뛰어서 오르내리기,  줄넘기"," 계단 올라갔다 내려오기,  줄넘기,  걷기,  스텝퍼 뛰어서 오르내리기"
15,20,하,F,159.0,56.4,22.3,20대,정상체중,83,걷기, 무릎 높여 제자리 달리기,전신 루틴 스트레칭,없음," 달리기,  계단 뛰기,  엎드려 버티기,  수영"," 달리기, 달리기,  엎드려 버티기,  걷기"
16,20,하,M,168.3,89.5,31.6,20대,2단계비만,98,걷기, 무릎 높여 제자리 달리기,전신 루틴 스트레칭,없음," 스텝퍼 오르내리기,  계단 올라갔다 내려오기, 달리기,  계단 뛰기","달리기,  걷기,  계단 뛰기,  계단 올라갔다 내려오기"
17,28,하,F,162.5,52.3,19.8,20대,정상체중,83,걷기,달리기,전신 루틴 스트레칭,없음," 달리기,  사다리 옆으로 발 옮기기,  걷기,  무릎 높여 제자리 달리기"," 사다리 옆으로 발 옮기기,  엎드려 버티기,  무릎 높여 제자리 달리기,  수영"
18,19,하,M,169.9,70.2,24.3,10대,비만전단계,50,걷기, 무릎 높여 제자리 달리기,전신 루틴 스트레칭,없음," 수영,  앉았다 일어서기,  계단 올라갔다 내려오기,  엎드려 버티기"," 앉았다 일어서기,  수영,  계단 뛰기,  줄넘기"
19,26,하,M,168.2,61.34,21.7,20대,정상체중,80,걷기,달리기,전신 루틴 스트레칭,없음," 걷기,  엎드려 버티기,  스텝퍼 옆으로 뛰어넘기,  계단 뛰기"," 계단 올라갔다 내려오기,  무릎 높여 제자리 달리기,  스텝퍼 옆으로 뛰어넘기,  엎드려 버티기"
20,26,하,M,170.6,66.28,22.8,20대,정상체중,80,걷기,달리기,전신 루틴 스트레칭,없음," 엎드려 버티기,  스텝퍼 옆으로 뛰어넘기,  무릎 높여 제자리 달리기,  계단 뛰기"," 걷기,  계단 올라갔다 내려오기,  스텝퍼 옆으로 뛰어넘기,  엎드려 버티기"
21,25,하,M,173.8,80.14,26.5,20대,1단계비만,92,걷기,달리기,전신 루틴 스트레칭,없음," 계단 뛰기,  무릎 높여 제자리 달리기,  스텝퍼 뛰어서 오르내리기,  계단 올라갔다 내려오기"," 걷기,  무릎 높여 제자리 달리기,  스텝퍼 뛰어서 오르내리기,  줄넘기"
22,75,하,F,158.0,61.82,24.8,70대 이상,비만전단계,269,전신 루틴 스트레칭, 엎드려 양팔 및 다리 들어올리기,전신 루틴 스트레칭,없음," 누워서 엉덩이 들어올리기,  자전거타기,  걷기,  엎드려 양팔 및 다리 들어올리기"," 물통으로 양팔 들어올리기,  밴드 머리 뒤로 들어올리기,  물병 들고 한발 앞으로 내밀고 앉았다 일어서기,  엎드려 버티기"
23,58,하,M,164.6,58.18,21.5,50대,정상체중,188,유산소 운동 전 동적 루틴 스트레칭, 걷기,전신 루틴 스트레칭,없음," 네발기기 자세로 팔 다리 들기,  자전거타기,  앉아서 다리 모으기,  뒤로 팔굽혀펴기"," 엎드려 버티기,  앉아서 다리 펴기,  앉아서 모으기, 달리기"
24,22,하,M,162.6,54.92,20.8,20대,정상체중,80,걷기, 무릎 높여 제자리 달리기,전신 루틴 스트레칭,없음," 계단 올라갔다 내려오기,  계단 뛰기,  엎드려 버티기, 달리기"," 스텝퍼 옆으로 뛰어넘기, 달리기,  계단 뛰기,  엎드려 버티기"
25,36,하,F,162.6,54.84,20.7,30대,정상체중,119,유산소 운동 전 동적 루틴 스트레칭, 자전거타기,전신 루틴 스트레칭,없음," 걷기,  앉아서 다리 펴기, 달리기,  누워서 다리 들어올리기"," 걷기,  윗몸올리기 ,  서서 상체 일으키기,  네발기기 자세로 팔 다리 들기"
26,32,하,M,178.1,75.2,23.7,30대,비만전단계,122,걷기,달리기,전신 루틴 스트레칭,없음," 줄넘기,  무릎 높여 제자리 달리기,  계단 올라갔다 내려오기,  걷기"," 무릎 높여 제자리 달리기,  계단 올라갔다 내려오기,  걷기,  자전거타기"
27,33,하,M,173.3,77.9,25.9,30대,1단계비만,128,걷기,달리기,전신 루틴 스트레칭,없음," 달리기,  옆으로 펀치하기,  걷기,  줄넘기"," 걷기,  뛰어 내렸다가 바로 점프하기,  달리기,  옆으로 펀치하기"
28,43,하,F,156.9,52.5,21.3,40대,정상체중,155,걷기, 무릎 높여 제자리 달리기,전신 루틴 스트레칭,없음," 사다리 옆으로 발 옮기기, 달리기,  줄넘기,  버피운동"," 계단 뛰기,  사다리 옆으로 발 옮기기,  줄넘기, 달리기"
29,56,하,M,164.3,67.9,25.2,50대,1단계비만,200,유산소 운동 전 동적 루틴 스트레칭, 걷기,전신 루틴 스트레칭,없음," 계단 뛰기,  앉아서 다리 펴기,  네발기기 자세로 팔 다리 들기,  걷기"," 앉아서 다리 모으기,  줄넘기,  걷기,  앉아서 다리 밀기"
30,54,하,F,153.5,54.9,23.3,50대,비만전단계,197,걷기,달리기,전신 루틴 스트레칭,없음," 걷기,  달리기,  사다리 옆으로 발 옮기기,  계단 뛰기"," 계단 뛰기,  무릎 높여 제자리 달리기,  걷기,  줄넘기"
31,34,중,F,163.7,57.3,21.4,30대,정상체중,118,걷기, 무릎 높여 제자리 달리기,전신 루틴 스트레칭,없음," 수영,  뛰어 내렸다가 바로 점프하기,  줄넘기,  달리기"," 뛰어 내렸다가 바로 점프하기,  걷기,  줄넘기,  수영"
32,19,하,M,176.0,60.2,19.4,10대,정상체중,44,걷기, 무릎 높여 제자리 달리기,전신 루틴 스트레칭,없음," 앉았다 일어서면서 점프하기,  줄넘기,  걷기,  계단 뛰기","달리기,  계단 올라갔다 내려오기,  줄넘기,  앉았다 일어서면서 점프하기"
33,20,하,M,171.0,83.7,28.6,20대,1단계비만,92,걷기, 무릎 높여 제자리 달리기,전신 루틴 스트레칭,없음," 스텝퍼 뛰어서 오르내리기,  계단 뛰기, 달리기,  계단 올라갔다 내려오기"," 스텝퍼 뛰어서 오르내리기,  걷기,  계단 올라갔다 내려오기,  줄넘기"
34,19,하,M,182.0,112.5,34.0,10대,2단계비만,62,걷기, 무릎 높여 제자리 달리기,전신 루틴 스트레칭,없음," 엎드려 버티기,  수영, 달리기,  스텝퍼 뛰어서 오르내리기"," 줄넘기, 달리기,  엎드려 버티기,  수영"
35,19,하,M,177.5,72.7,23.1,10대,비만전단계,50,걷기, 무릎 높여 제자리 달리기,전신 루틴 스트레칭,없음,"달리기,  앉았다 일어서기,  엎드려 버티기,  계단 뛰기"," 줄넘기,  엎드려 버티기,  계단 올라갔다 내려오기,  수영"
36,19,하,M,175.2,84.6,27.6,10대,1단계비만,56,유산소 운동 전 동적 루틴 스트레칭,윗몸올리기 ,전신 루틴 스트레칭,없음," 계단 올라갔다 내려오기,  엎드려서 팔 다리 들기,  누워서 엉덩이 들어올리기, 달리기"," 앉아서 다리 밀기,  계단 올라갔다 내려오기,  엎드려서 팔 다리 들기,  엎드려 버티기"
37,13,하,M,154.2,55.9,23.5,10대,비만전단계,50,걷기, 무릎 높여 제자리 달리기,전신 루틴 스트레칭,없음," 수영,  엎드려 버티기,  줄넘기,  계단 뛰기"," 계단 뛰기,  줄넘기, 달리기,  계단 올라갔다 내려오기"
38,73,하,F,149.6,61.6,27.5,70대 이상,1단계비만,275,전신 루틴 스트레칭, 걷기,전신 루틴 스트레칭,없음," 몸통 들어올리기,  엎드려 뒤로 다리 올리기,  앉았다 일어서기,  의자에 앉아 등 굽혔다 펴기"," 엎드려 양팔 및 다리 들어올리기,  물속에서 걷기,  몸통 들어올리기,  스텝박스"
39,59,하,F,155.3,54.9,22.8,50대,정상체중,191,유산소 운동 전 동적 루틴 스트레칭, 엎드려 버티기,전신 루틴 스트레칭,없음," 옆으로 누워 버티기,  누워서 다리 들어올리기,  뒤로 팔굽혀펴기,  누워서 밀기"," 팔굽혀펴기,  누워서 다리 들어올리기, 달리기,  누워서 엉덩이 들어올리기"
40,70,하,F,141.4,57.0,28.5,70대 이상,1단계비만,275,전신 루틴 스트레칭, 엎드려 양팔 및 다리 들어올리기,전신 루틴 스트레칭,없음," 앉았다 일어서기,  윗몸올리기 ,  걷기,  몸통 들어올리기"," 수영,  물병 들고 한발 앞으로 내밀고 앉았다 일어서기,  물통으로 양팔 들어올리기,  엎드려 뒤로 다리 올리기"
41,20,하,M,185.3,73.58,21.4,20대,정상체중,80,걷기, 무릎 높여 제자리 달리기,전신 루틴 스트레칭,없음," 걷기, 달리기,  계단 올라갔다 내려오기,  엎드려 버티기"," 계단 올라갔다 내려오기, 달리기,  엎드려 버티기,  걷기"
42,23,하,M,182.5,69.4,20.8,20대,정상체중,80,걷기,달리기,전신 루틴 스트레칭,없음," 스텝퍼 옆으로 뛰어넘기,  엎드려 버티기,  무릎 높여 제자리 달리기,  걷기"," 계단 올라갔다 내려오기,  계단 뛰기,  스텝퍼 옆으로 뛰어넘기,  걷기"
43,33,하,F,163.0,53.3,20.1,30대,정상체중,119,유산소 운동 전 동적 루틴 스트레칭, 누워서 엉덩이 들어올리기,전신 루틴 스트레칭,없음," 뒤꿈치 들기, 윗몸올리기 ,  앉아서 다리 밀기,  앉았다 일어서기"," 앉아서 다리 모으기, 윗몸올리기 ,  누워서 다리 들어올리기,  엎드려서 팔 다리 들기"
44,35,하,M,171.2,78.4,26.7,30대,1단계비만,128,걷기, 무릎 높여 제자리 달리기,전신 루틴 스트레칭,없음,"달리기,  걷기,  옆으로 펀치하기,  뛰어 내렸다가 바로 점프하기"," 옆으로 펀치하기,  달리기, 달리기,  계단 뛰기"
45,15,하,M,166.8,60.0,21.6,10대,정상체중,44,걷기, 무릎 높여 제자리 달리기,전신 루틴 스트레칭,없음," 걷기,  계단 뛰기,  앉았다 일어서면서 점프하기, 달리기"," 계단 뛰기,  줄넘기,  계단 올라갔다 내려오기,  앉았다 일어서면서 점프하기"
46,15,하,M,160.8,56.0,21.7,10대,정상체중,44,걷기,달리기,전신 루틴 스트레칭,없음," 무릎 높여 제자리 달리기,  계단 뛰기,  앉았다 일어서면서 점프하기,  계단 올라갔다 내려오기"," 무릎 높여 제자리 달리기,  계단 올라갔다 내려오기,  계단 뛰기,  앉았다 일어서면서 점프하기"
47,15,하,M,169.3,65.8,23.0,10대,비만전단계,50,걷기,달리기,전신 루틴 스트레칭,없음," 앉았다 일어서기,  줄넘기,  수영,  계단 올라갔다 내려오기"," 줄넘기,  앉았다 일어서기,  엎드려 버티기,  무릎 높여 제자리 달리기"
48,15,상,M,170.5,56.5,19.4,10대,정상체중,42, 팔 벌려 뛰기, 다리 뻗어 점프하기, 정적 스트레칭  루틴프로그램," 동적 스트레칭 루틴프로그램, 달리기, 요가 및 필라테스  루틴프로그램"," 자전거타기,  앉았다 일어서기,  달리기,  동적 스트레칭 루틴프로그램"," 달리기,  뒤꿈치 높이들어 뛰기,  줄넘기,  정적 스트레칭  루틴프로그램"
49,15,하,M,166.9,55.9,20.1,10대,정상체중,44,걷기,달리기,전신 루틴 스트레칭,없음," 계단 올라갔다 내려오기,  줄넘기,  앉았다 일어서면서 점프하기,  걷기"," 계단 뛰기,  앉았다 일어서면서 점프하기,  줄넘기,  걷기"
50,15,하,M,159.6,48.8,19.2,10대,정상체중,44,걷기, 무릎 높여 제자리 달리기,전신 루틴 스트레칭,없음," 줄넘기,  걷기, 달리기,  앉았다 일어서면서 점프하기"," 걷기,  앉았다 일어서면서 점프하기, 달리기,  계단 뛰기"
51,15,하,F,165.2,52.3,19.2,10대,정상체중,47,걷기, 무릎 높여 제자리 달리기,전신 루틴 스트레칭,없음," 수영, 달리기,  계단 뛰기,  계단 올라갔다 내려오기"," 계단 올라갔다 내려오기,  앉았다 일어서면서 점프하기,  버피운동,  계단 뛰기"
52,15,하,F,159.0,44.6,17.6,10대,저체중,41, 온 몸 뻗어주기, 걷기, 아기자세,"목 스트레칭,  정적 스트레칭  루틴프로그램,  깍지끼고 목 들어올리기, 팔꿈치 원 그리기"," 엎드려 팔다리 교차올리기,  버피운동,  줄넘기,  다리자세"," 회전 초승달 자세,  발 바꿔 뛰기,  전완대고 버티기,  자전거타기"
53,13,하,F,163.2,64.8,24.3,10대,비만전단계,53,유산소 운동 전 동적 루틴 스트레칭, 앉아서 당겨 내리기,전신 루틴 스트레칭,없음," 몸통 들어올리기,  달리기,  앉아서 밀기, 달리기"," 앉아서 밀기,  앉아서 모으기,  앉아서 다리 밀기,  걷기"
54,15,하,M,175.7,67.2,21.8,10대,정상체중,44,걷기,달리기,전신 루틴 스트레칭,없음," 앉았다 일어서면서 점프하기,  계단 올라갔다 내려오기,  걷기,  줄넘기"," 무릎 높여 제자리 달리기,  계단 뛰기,  줄넘기,  걷기"
55,53,중,F,146.8,45.6,21.2,50대,정상체중,190,걷기,달리기,전신 루틴 스트레칭,없음," 무릎 높여 제자리 달리기,  수영,  걷기,  버피운동"," 줄넘기,  무릎 높여 제자리 달리기,  엎드려 버티기,  버피운동"
56,13,하,M,171.1,61.9,21.1,10대,정상체중,44,걷기,달리기,전신 루틴 스트레칭,없음," 앉았다 일어서면서 점프하기,  무릎 높여 제자리 달리기,  걷기,  계단 뛰기"," 줄넘기,  걷기,  계단 뛰기,  앉았다 일어서면서 점프하기"
57,18,하,M,184.0,65.0,19.2,10대,정상체중,44,걷기,달리기,전신 루틴 스트레칭,없음," 걷기,  줄넘기,  계단 올라갔다 내려오기,  앉았다 일어서면서 점프하기"," 무릎 높여 제자리 달리기,  줄넘기,  계단 올라갔다 내려오기,  앉았다 일어서면서 점프하기"
58,77,하,M,170.9,79.2,27.1,70대 이상,1단계비만,272,전신 루틴 스트레칭, 몸통 들어올리기,전신 루틴 스트레칭,없음," 엎드려 버티기,  달리기,  스텝박스,  윗몸올리기 "," 자전거타기,  달리기,  엎드려 버티기,  수영"
59,19,하,M,182.0,76.1,23.0,10대,비만전단계,50,걷기, 무릎 높여 제자리 달리기,전신 루틴 스트레칭,없음," 엎드려 버티기,  계단 올라갔다 내려오기,  계단 뛰기,  줄넘기"," 엎드려 버티기,  수영, 달리기,  계단 뛰기"
60,19,하,M,184.0,81.0,23.9,10대,비만전단계,50,걷기,달리기,전신 루틴 스트레칭,없음," 줄넘기,  엎드려 버티기,  앉았다 일어서기,  계단 뛰기"," 줄넘기,  수영,  계단 올라갔다 내려오기,  엎드려 버티기"
61,36,하,F,166.7,66.0,23.8,30대,비만전단계,125,걷기, 무릎 높여 제자리 달리기,전신 루틴 스트레칭,없음," 사다리 안팎 뛰기,  줄넘기,  앉았다 일어서기,  걷기","달리기,  줄넘기,  앉았다 일어서기,  걷기"
62,19,하,F,146.3,50.82,23.7,10대,비만전단계,53,유산소 운동 전 동적 루틴 스트레칭, 엎드려 버티기,전신 루틴 스트레칭,없음," 앉아서 모으기,  한발 앞으로 내밀고 앉았다 일어서기,  서서 상체 일으키기,  네발기기 자세로 팔 다리 들기"," 달리기,  누워서 엉덩이 들어올리기,  네발기기 자세로 팔 다리 들기,  걷기"
63,35,상,M,189.0,83.12,23.3,30대,비만전단계,120,유산소 운동 전 동적 루틴 스트레칭, 앉아서 밀기,전신 루틴 스트레칭,없음," 버피운동,  몸통 들어올리기,  엎드려 버티기,  몸통 옆으로 굽히기"," 옆으로 누워 버티기,  누워서 엉덩이 들어올리기,  달리기, 달리기"
64,19,하,M,177.0,85.3,27.2,10대,1단계비만,56,유산소 운동 전 동적 루틴 스트레칭, 엎드려 버티기,전신 루틴 스트레칭,없음,"앉았다 일어서기,  누워서 엉덩이 들어올리기,  서서 상체 일으키기,  앉아서 당겨 내리기"," 엎드려 버티기, 달리기,  앉아서 다리 밀기,  앉아서 다리 펴기"
65,68,하,F,153.5,55.2,23.4,60대,비만전단계,233,걷기, 엉덩이 스트레칭,자전거타기,없음,"엉덩이 스트레칭,  등/어깨 뒤쪽 스트레칭,  목 스트레칭,  골반 스트레칭"," 등/어깨 뒤쪽 스트레칭, 엉덩이 스트레칭,  골반 스트레칭,  목 스트레칭"
66,25,하,M,170.6,88.48,30.4,20대,2단계비만,98,걷기,달리기,전신 루틴 스트레칭,없음," 옆으로 펀치하기,  무릎 높여 제자리 달리기,  계단 뛰기,  걷기"," 옆으로 펀치하기,  무릎 높여 제자리 달리기,  계단 뛰기,  계단 올라갔다 내려오기"
67,72,중,F,149.4,45.2,20.3,70대 이상,정상체중,262,전신 루틴 스트레칭, 의자에 앉아 등 굽혔다 펴기,전신 루틴 스트레칭,없음," 자전거타기,  의자 앞에서 앉았다 일어서기,  누워서 엉덩이 들어올리기,  물병 들고 한발 앞으로 내밀고 앉았다 일어서기"," 물속에서 걷기,  서서 뒤꿈치 들기,  밴드 걸고 누워서 다리 들어올리기,  누워서 엉덩이 들어올리기"
68,30,중,F,161.0,53.0,20.4,30대,정상체중,118,걷기,달리기,전신 루틴 스트레칭,없음," 수영,  스텝퍼 오르내리기,  달리기,  무릎 높여 제자리 달리기"," 달리기,  걷기,  스텝퍼 오르내리기,  뛰어 내렸다가 바로 점프하기"
69,47,상,F,169.0,63.8,22.3,40대,정상체중,153,전신 루틴 스트레칭,저항밴드 운동  루틴프로그램,하지 루틴 스트레칭, 유산소 운동 전 동적 루틴 스트레칭," 걷기,  엎드려 버티기,  달리기,  자전거타기"," 엎드려 버티기,  앉았다 일어서기,  유산소 운동 전 동적 루틴 스트레칭,  걷기"
70,49,하,F,161.4,66.4,25.5,40대,1단계비만,167,걷기, 무릎 높여 제자리 달리기,전신 루틴 스트레칭,없음,"달리기,  자전거타기,  걷기,  계단 뛰기"," 엎드려 버티기, 달리기,  걷기,  계단 뛰기"
71,34,하,M,176.7,75.04,24.0,30대,비만전단계,122,걷기,달리기,전신 루틴 스트레칭,없음," 걷기,  자전거타기,  줄넘기,  계단 올라갔다 내려오기"," 줄넘기,  걷기,  계단 뛰기,  무릎 높여 제자리 달리기"
72,20,하,M,166.1,55.42,20.1,20대,정상체중,80,걷기, 무릎 높여 제자리 달리기,전신 루틴 스트레칭,없음," 계단 올라갔다 내려오기, 달리기,  스텝퍼 옆으로 뛰어넘기,  엎드려 버티기"," 엎드려 버티기,  계단 뛰기,  계단 올라갔다 내려오기,  스텝퍼 옆으로 뛰어넘기"
73,46,하,M,172.8,77.5,26.0,40대,1단계비만,164,걷기,달리기,전신 루틴 스트레칭,없음," 수영,  사다리 안팎 뛰기,  스텝퍼 옆으로 뛰어넘기,  걷기"," 걷기,  줄넘기,  계단 뛰기,  스텝퍼 옆으로 뛰어넘기"
74,47,중,M,167.6,68.1,24.2,40대,비만전단계,157,유산소 운동 전 동적 루틴 스트레칭, 자전거타기,전신 루틴 스트레칭,없음," 앉아서 당겨 내리기,  서서 상체 일으키기,  앉아서 다리 펴기,  앉아서 다리 밀기"," 윗몸올리기 ,  서서 상체 일으키기,  엎드려서 팔 다리 들기,  달리기"
75,33,하,M,175.4,73.28,23.8,30대,비만전단계,122,걷기, 무릎 높여 제자리 달리기,전신 루틴 스트레칭,없음," 계단 뛰기, 달리기,  계단 올라갔다 내려오기,  자전거타기"," 줄넘기, 달리기,  걷기,  계단 뛰기"
76,23,하,M,174.1,72.4,23.9,20대,비만전단계,86,걷기,달리기,전신 루틴 스트레칭,없음," 걷기,  계단 뛰기,  무릎 높여 제자리 달리기,  계단 올라갔다 내려오기"," 계단 뛰기,  버피운동,  계단 올라갔다 내려오기,  무릎 높여 제자리 달리기"
77,29,하,M,172.7,78.3,26.3,20대,1단계비만,92,걷기, 무릎 높여 제자리 달리기,전신 루틴 스트레칭,없음," 계단 올라갔다 내려오기,  줄넘기, 달리기,  스텝퍼 뛰어서 오르내리기","달리기,  계단 뛰기,  걷기,  줄넘기"
78,51,하,M,172.9,78.1,26.1,50대,1단계비만,200,유산소 운동 전 동적 루틴 스트레칭, 엎드려 버티기,전신 루틴 스트레칭,없음,"윗몸올리기 ,  네발기기 자세로 팔 다리 들기, 달리기, 앉았다 일어서기"," 뒤꿈치 들기,  앉아서 다리 펴기,  서서 상체 일으키기, 윗몸올리기 "
79,63,하,F,157.0,70.8,28.7,60대,1단계비만,239,걷기, 엉덩이 스트레칭,자전거타기,없음," 등/어깨 뒤쪽 스트레칭,  대퇴사두근 스트레칭, 엉덩이 스트레칭,  자전거타기"," 자전거타기, 엉덩이 스트레칭,  등/어깨 뒤쪽 스트레칭,  대퇴사두근 스트레칭"
80,23,하,F,162.3,54.74,20.8,20대,정상체중,83,걷기,달리기,전신 루틴 스트레칭,없음," 수영,  엎드려 버티기,  무릎 높여 제자리 달리기,  걷기"," 무릎 높여 제자리 달리기,  사다리 옆으로 발 옮기기,  달리기,  계단 뛰기"
81,24,하,M,169.8,65.4,22.7,20대,정상체중,80,걷기,달리기,전신 루틴 스트레칭,없음," 걷기,  스텝퍼 옆으로 뛰어넘기,  엎드려 버티기,  계단 올라갔다 내려오기"," 계단 뛰기,  걷기,  엎드려 버티기,  스텝퍼 옆으로 뛰어넘기"
82,58,하,M,170.0,79.56,27.5,50대,1단계비만,200,유산소 운동 전 동적 루틴 스트레칭, 누워서 엉덩이 들어올리기,전신 루틴 스트레칭,없음,"달리기,  앉아서 당겨 내리기,  계단 뛰기,  윗몸올리기 ","윗몸올리기 ,  앉아서 다리 모으기,  뒤로 팔굽혀펴기,  자전거타기"
83,40,하,M,161.3,66.84,25.7,40대,1단계비만,164,걷기, 무릎 높여 제자리 달리기,전신 루틴 스트레칭,없음," 줄넘기, 달리기,  걷기,  수영","달리기,  줄넘기,  스텝퍼 옆으로 뛰어넘기,  계단 뛰기"
84,21,하,M,176.1,65.6,21.2,20대,정상체중,80,걷기,달리기,전신 루틴 스트레칭,없음," 스텝퍼 옆으로 뛰어넘기,  계단 올라갔다 내려오기,  엎드려 버티기,  무릎 높여 제자리 달리기"," 엎드려 버티기,  걷기,  계단 올라갔다 내려오기,  스텝퍼 옆으로 뛰어넘기"
85,29,하,M,173.4,64.82,21.6,20대,정상체중,80,걷기,달리기,전신 루틴 스트레칭,없음," 스텝퍼 옆으로 뛰어넘기,  무릎 높여 제자리 달리기,  계단 뛰기,  걷기"," 스텝퍼 옆으로 뛰어넘기,  무릎 높여 제자리 달리기,  계단 뛰기,  걷기"
86,29,하,M,175.1,86.16,28.1,20대,1단계비만,92,걷기,달리기,전신 루틴 스트레칭,없음," 계단 뛰기,  계단 올라갔다 내려오기,  스텝퍼 뛰어서 오르내리기,  걷기"," 계단 올라갔다 내려오기,  계단 뛰기,  줄넘기,  무릎 높여 제자리 달리기"
87,68,중,F,155.4,59.04,24.4,60대,비만전단계,232, 등/어깨 뒤쪽 스트레칭, 벽에서 팔굽혀 펴기, 엉덩이 스트레칭," 목 스트레칭,  깍지 끼고 상체 숙이기,  배 스트레칭,  골반 스트레칭","달리기,  덤벨 잡고 뒤꿈치 들기,  목 스트레칭,  엎드려 양팔 및 다리 들어올리기"," 목봉잡고 앉았다 일어나기,  엎드려 양팔 및 다리 들어올리기, 달리기,  몸통 들어올리기"
88,20,하,F,157.3,89.4,36.1,20대,3단계비만,107,유산소 운동 전 동적 루틴 스트레칭, 팔벌려뛰기,전신 루틴 스트레칭,없음," 한발 앞으로 내밀고 앉았다 일어서기,  넙다리 스트레칭,  걷기,  달리기"," 누워서 엉덩이 들어올리기,  네발기기 자세로 팔 다리 들기,  네발기기 자세에서 손바닥으로 바닥밀기,  소파를 이용한 윗몸올리기"
89,25,하,M,182.0,87.9,26.5,20대,1단계비만,92,걷기, 무릎 높여 제자리 달리기,전신 루틴 스트레칭,없음," 스텝퍼 뛰어서 오르내리기,  줄넘기,  계단 올라갔다 내려오기, 달리기"," 스텝퍼 뛰어서 오르내리기,  걷기,  계단 올라갔다 내려오기,  계단 뛰기"
90,88,하,F,150.0,49.9,22.2,70대 이상,정상체중,263,전신 루틴 스트레칭, 의자 앞에서 앉았다 일어서기,전신 루틴 스트레칭,없음," 엎드려 버티기,  몸통 들어올리기,  누워서 엉덩이 들어올리기,  누워서 다리 들어올리기"," 아쿠아로빅,  물속에서 걷기,  서서 상체 일으키기,  수영"
91,21,하,M,174.0,70.3,23.2,20대,비만전단계,86,걷기,달리기,전신 루틴 스트레칭,없음," 줄넘기,  버피운동,  계단 올라갔다 내려오기,  계단 뛰기"," 계단 뛰기,  버피운동,  걷기,  계단 올라갔다 내려오기"
92,72,중,M,164.4,73.78,27.3,70대 이상,1단계비만,271,전신 루틴 스트레칭, 자전거타기,전신 루틴 스트레칭,없음," 한발 앞으로 내밀고 앉았다 일어서기,  팔굽혀펴기,  밴드 머리 뒤로 들어올리기,  윗몸올리기 "," 자전거타기,  물통으로 양팔 들어올리기,  앉아서 다리 밀기 ,  윗몸올리기 "
93,61,하,M,182.1,73.68,22.2,60대,정상체중,224,전신 루틴 스트레칭, 걷기,전신 루틴 스트레칭, 유산소 운동 전 동적 루틴 스트레칭," 뒤로 팔굽혀펴기,  수영,  밴드 걸고 누워서 다리 들어올리기,  옆으로 누워 버티기"," 옆으로 누워 버티기,  네발기기 자세로 팔 다리 들기,  걷기,  누워서 엉덩이 들어올리기"
94,40,하,M,166.1,66.1,24.0,40대,비만전단계,158,걷기,달리기,전신 루틴 스트레칭,없음," 계단 뛰기,  줄넘기,  수영,  달리기"," 줄넘기,  수영,  무릎 높여 제자리 달리기,  계단 뛰기"
95,37,하,F,162.3,59.02,22.4,30대,정상체중,119,유산소 운동 전 동적 루틴 스트레칭, 걷기,전신 루틴 스트레칭,없음," 앉아서 다리 펴기,  엎드려 버티기,  앉았다 일어서기,  누워서 엉덩이 들어올리기"," 엎드려서 팔 다리 들기,  앉아서 뒤로 당기기,  누워서 엉덩이 들어올리기,  앉아서 다리 모으기"
96,34,하,M,163.4,74.88,28.0,30대,1단계비만,128,걷기,달리기,전신 루틴 스트레칭,없음," 옆으로 펀치하기,  뛰어 내렸다가 바로 점프하기,  무릎 높여 제자리 달리기,  걷기"," 뛰어 내렸다가 바로 점프하기,  계단 뛰기,  옆으로 펀치하기,  달리기"
97,26,하,F,164.8,74.76,27.5,20대,1단계비만,95,유산소 운동 전 동적 루틴 스트레칭, 엎드려 버티기,전신 루틴 스트레칭,없음," 윗몸올리기 ,  걷기,  한발 앞으로 내밀고 앉았다 일어서기,  자전거타기"," 앉아서 위로 밀기,  달리기,  앉아서 모으기,  걷기"
98,20,하,M,176.5,78.6,25.2,20대,1단계비만,92,걷기,달리기,전신 루틴 스트레칭,없음," 스텝퍼 뛰어서 오르내리기,  계단 뛰기,  줄넘기,  걷기"," 무릎 높여 제자리 달리기,  스텝퍼 뛰어서 오르내리기,  걷기,  줄넘기"
99,20,하,M,173.1,81.8,27.3,20대,1단계비만,92,걷기,달리기,전신 루틴 스트레칭,없음," 계단 뛰기,  계단 올라갔다 내려오기,  걷기,  줄넘기"," 계단 뛰기,  무릎 높여 제자리 달리기,  걷기,  줄넘기"
100,53,하,F,155.0,59.0,24.6,50대,비만전단계,197,걷기,달리기,전신 루틴 스트레칭,없음," 사다리 옆으로 발 옮기기,  걷기,  계단 뛰기,  줄넘기"," 사다리 옆으로 발 옮기기,  줄넘기,  무릎 높여 제자리 달리기,  계단 뛰기"
101,20,하,F,160.1,48.0,18.7,20대,정상체중,83,걷기,달리기,전신 루틴 스트레칭,없음," 무릎 높여 제자리 달리기,  걷기,  사다리 옆으로 발 옮기기,  엎드려 버티기"," 사다리 옆으로 발 옮기기,  달리기,  엎드려 버티기,  무릎 높여 제자리 달리기"
102,55,상,F,153.8,51.6,21.8,50대,정상체중,189,유산소 운동 전 동적 루틴 스트레칭, 서서 상체 일으키기,전신 루틴 스트레칭,없음,"달리기,  뒤꿈치 들기,  바벨 끌어당기기,  물병 옆으로 들어올리기"," 바벨 끌어당기기,  바벨 들어 팔꿈치 굽히기,  팔꿈치 굽히기,  앉아서 다리 펴기"
103,31,하,F,157.6,71.3,28.7,30대,1단계비만,131,상지 루틴 스트레칭,빠르게 걷기,전신 루틴 스트레칭," 전신 루틴 스트레칭, 하지 루틴 스트레칭,  유산소 운동 전 동적 루틴 스트레칭,  하지 루틴 스트레칭"," 전신 루틴 스트레칭,  자전거타기,  누워서 엉덩이 들어올리기,  계단 올라갔다 내려오기"," 엎드려 버티기,  줄넘기,  유산소 운동 전 동적 루틴 스트레칭,  계단 올라갔다 내려오기"
104,24,하,F,157.6,46.72,18.8,20대,정상체중,83,걷기,달리기,전신 루틴 스트레칭,없음," 달리기,  엎드려 버티기,  계단 뛰기,  무릎 높여 제자리 달리기"," 달리기,  사다리 옆으로 발 옮기기,  계단 뛰기,  무릎 높여 제자리 달리기"
105,76,하,M,157.5,60.62,24.4,70대 이상,비만전단계,266,전신 루틴 스트레칭, 걷기,전신 루틴 스트레칭,없음," 뒤로 팔굽혀펴기,  서서 상체 일으키기,  의자 앞에서 앉았다 일어서기,  짐볼에서 몸통 돌리기"," 밴드 머리 뒤로 들어올리기,  팔굽혀펴기,  서서 뒤꿈치 들기,  스텝박스"
106,67,하,F,149.8,45.1,20.1,60대,정상체중,227,걷기, 엉덩이 스트레칭,자전거타기,없음," 골반 스트레칭,  회전근개 스트레칭, 엉덩이 스트레칭,  목 스트레칭"," 골반 스트레칭,  회전근개 스트레칭,  목 스트레칭, 엉덩이 스트레칭"
107,19,하,M,171.2,68.8,23.5,10대,비만전단계,50,걷기, 무릎 높여 제자리 달리기,전신 루틴 스트레칭,없음," 계단 뛰기,  엎드려 버티기,  계단 올라갔다 내려오기,  앉았다 일어서기"," 엎드려 버티기, 달리기,  앉았다 일어서기,  수영"
108,19,하,M,177.6,64.8,20.5,10대,정상체중,44,걷기, 무릎 높여 제자리 달리기,전신 루틴 스트레칭,없음," 앉았다 일어서면서 점프하기,  계단 뛰기, 달리기,  줄넘기"," 계단 뛰기, 달리기,  계단 올라갔다 내려오기,  걷기"
109,19,하,M,167.1,54.8,19.6,10대,정상체중,44,걷기, 무릎 높여 제자리 달리기,전신 루틴 스트레칭,없음,"달리기,  계단 뛰기,  줄넘기,  계단 올라갔다 내려오기"," 앉았다 일어서면서 점프하기,  계단 뛰기,  걷기, 달리기"
110,30,하,M,177.5,86.88,27.6,30대,1단계비만,128,걷기,달리기,전신 루틴 스트레칭,없음," 줄넘기,  달리기,  뛰어 내렸다가 바로 점프하기,  계단 뛰기"," 옆으로 펀치하기,  계단 뛰기,  줄넘기,  달리기"
111,59,하,M,181.5,71.8,21.8,50대,정상체중,188,유산소 운동 전 동적 루틴 스트레칭, 자전거타기,전신 루틴 스트레칭,없음," 앉아서 다리 펴기,  뒤로 팔굽혀펴기, 윗몸올리기 ,  앉아서 밀기"," 몸통 들어올리기,  달리기,  앉아서 당겨 내리기,  앉아서 다리 밀기"
112,47,하,F,157.9,75.8,30.4,40대,2단계비만,173,걷기,달리기,전신 루틴 스트레칭,없음," 걷기,  누워서 엉덩이 들어올리기,  계단 올라갔다 내려오기,  사다리 안팎 뛰기"," 줄넘기,  무릎 높여 제자리 달리기,  계단 올라갔다 내려오기,  누워서 엉덩이 들어올리기"
113,54,하,F,156.8,59.7,24.3,50대,비만전단계,197,걷기,달리기,전신 루틴 스트레칭,없음," 사다리 옆으로 발 옮기기,  달리기,  무릎 높여 제자리 달리기,  걷기"," 달리기,  계단 뛰기,  무릎 높여 제자리 달리기,  줄넘기"
114,30,하,M,183.0,84.04,25.1,30대,1단계비만,128,걷기,달리기,전신 루틴 스트레칭,없음," 뛰어 내렸다가 바로 점프하기,  계단 뛰기,  무릎 높여 제자리 달리기,  걷기"," 걷기,  계단 뛰기,  달리기,  줄넘기"
115,55,하,F,154.6,78.06,32.7,50대,2단계비만,209,걷기, 무릎 높여 제자리 달리기,전신 루틴 스트레칭,없음,"달리기,  걷기,  수영,  계단 뛰기","달리기,  수영,  계단 올라갔다 내려오기,  달리기"
116,35,하,F,165.2,78.3,28.7,30대,1단계비만,131,상지 루틴 스트레칭, 자전거타기,전신 루틴 스트레칭," 유산소 운동 전 동적 루틴 스트레칭,  하지 루틴 스트레칭,  전신 루틴 스트레칭, 하지 루틴 스트레칭"," 엎드려 버티기, 자전거타기,  하지 루틴 스트레칭,  계단 올라갔다 내려오기"," 전신 루틴 스트레칭,  달리기,  누워서 엉덩이 들어올리기,  줄넘기"
117,55,하,F,154.7,55.58,23.2,50대,비만전단계,197,걷기,달리기,전신 루틴 스트레칭,없음," 달리기,  무릎 높여 제자리 달리기,  걷기,  줄넘기"," 계단 뛰기,  사다리 옆으로 발 옮기기,  무릎 높여 제자리 달리기,  걷기"
118,60,하,F,161.0,66.36,25.6,60대,1단계비만,239,걷기,엉덩이 스트레칭,자전거타기,없음," 자전거타기,  엉덩이 스트레칭,  등/어깨 뒤쪽 스트레칭,  대퇴사두근 스트레칭"," 자전거타기,  등/어깨 뒤쪽 스트레칭,  대퇴사두근 스트레칭,  엉덩이 스트레칭"
119,41,하,M,166.2,71.58,25.9,40대,1단계비만,164,걷기, 무릎 높여 제자리 달리기,전신 루틴 스트레칭,없음," 수영,  걷기,  사다리 안팎 뛰기,  계단 뛰기"," 계단 뛰기,  스텝퍼 옆으로 뛰어넘기,  줄넘기,  사다리 안팎 뛰기"
120,67,하,M,180.0,78.84,24.3,60대,비만전단계,230,걷기,달리기,전신 루틴 스트레칭,없음," 걷기,  줄넘기,  수영,  무릎 높여 제자리 달리기"," 무릎 높여 제자리 달리기,  걷기,  수영,  줄넘기"
121,19,하,M,169.8,72.38,25.1,10대,1단계비만,56,유산소 운동 전 동적 루틴 스트레칭, 앉아서 당겨 내리기,전신 루틴 스트레칭,없음," 엎드려 버티기,  수영,  몸통 들어올리기,  앉아서 위로 밀기","달리기,  달리기,  걷기,  윗몸올리기 "
122,22,하,M,178.0,73.52,23.2,20대,비만전단계,86,걷기,달리기,전신 루틴 스트레칭,없음," 줄넘기,  계단 올라갔다 내려오기,  걷기,  계단 뛰기"," 줄넘기,  버피운동,  계단 뛰기,  무릎 높여 제자리 달리기"
123,48,하,M,175.9,74.32,24.0,40대,비만전단계,158,걷기,달리기,전신 루틴 스트레칭,없음," 달리기,  줄넘기,  수영,  무릎 높여 제자리 달리기"," 달리기,  무릎 높여 제자리 달리기,  수영,  계단 뛰기"
124,22,하,M,179.4,77.68,24.1,20대,비만전단계,86,걷기, 무릎 높여 제자리 달리기,전신 루틴 스트레칭,없음,"달리기,  계단 뛰기,  걷기,  계단 올라갔다 내려오기"," 줄넘기,  버피운동,  계단 올라갔다 내려오기, 달리기"
125,22,하,M,178.8,64.54,20.2,20대,정상체중,80,걷기,달리기,전신 루틴 스트레칭,없음," 엎드려 버티기,  스텝퍼 옆으로 뛰어넘기,  계단 뛰기,  걷기"," 계단 뛰기,  스텝퍼 옆으로 뛰어넘기,  엎드려 버티기,  계단 올라갔다 내려오기"
126,24,하,M,186.1,75.32,21.7,20대,정상체중,80,걷기,달리기,전신 루틴 스트레칭,없음," 계단 올라갔다 내려오기,  스텝퍼 옆으로 뛰어넘기,  걷기,  무릎 높여 제자리 달리기"," 계단 뛰기,  스텝퍼 옆으로 뛰어넘기,  엎드려 버티기,  계단 올라갔다 내려오기"
127,22,하,M,173.0,61.36,20.5,20대,정상체중,80,걷기, 무릎 높여 제자리 달리기,전신 루틴 스트레칭,없음," 계단 올라갔다 내려오기, 달리기,  걷기,  계단 뛰기"," 걷기,  계단 뛰기,  엎드려 버티기,  스텝퍼 옆으로 뛰어넘기"
128,24,하,M,168.1,63.76,22.6,20대,정상체중,80,걷기, 무릎 높여 제자리 달리기,전신 루틴 스트레칭,없음," 계단 뛰기,  엎드려 버티기,  스텝퍼 옆으로 뛰어넘기, 달리기"," 스텝퍼 옆으로 뛰어넘기,  계단 뛰기,  계단 올라갔다 내려오기,  엎드려 버티기"
129,43,하,M,174.4,71.36,23.5,40대,비만전단계,158,걷기,달리기,전신 루틴 스트레칭,없음," 무릎 높여 제자리 달리기,  수영,  줄넘기,  계단 뛰기"," 무릎 높여 제자리 달리기,  달리기,  수영,  줄넘기"
130,26,하,F,164.6,60.12,22.2,20대,정상체중,83,걷기,달리기,전신 루틴 스트레칭,없음," 사다리 옆으로 발 옮기기,  무릎 높여 제자리 달리기,  계단 뛰기,  달리기"," 달리기,  수영,  걷기,  엎드려 버티기"
131,13,하,F,164.5,58.2,21.5,10대,정상체중,47,걷기, 무릎 높여 제자리 달리기,전신 루틴 스트레칭,없음," 수영,  버피운동,  앉았다 일어서면서 점프하기,  계단 올라갔다 내려오기"," 앉았다 일어서면서 점프하기, 달리기,  계단 올라갔다 내려오기,  버피운동"
132,14,하,M,179.5,54.1,16.8,10대,저체중,38, 동적 스트레칭 루틴프로그램, 앉았다 일어서기, 엉덩이 스트레칭,"걷기,  상지 루틴 스트레칭,  하지 루틴 스트레칭,  전신 루틴 스트레칭"," 누워서 밀기,  버피운동,  요통을 위한 스트레칭,  윗몸올리기 "," 팔굽혀 펴기,  유산소 운동 전 동적 루틴 스트레칭,  몸통 들어올리기,  바벨들어올리기"
133,80,하,F,153.0,59.7,25.5,70대 이상,1단계비만,275,전신 루틴 스트레칭, 누워서 엉덩이 들어올리기,전신 루틴 스트레칭,없음," 엎드려 양팔 및 다리 들어올리기,  몸통 들어올리기,  물병 들고 한발 앞으로 내밀고 앉았다 일어서기,  걷기"," 자전거타기,  물병 들고 한발 앞으로 내밀고 앉았다 일어서기,  서서 상체 일으키기,  물통으로 양팔 들어올리기"
134,59,하,F,154.8,57.34,23.9,50대,비만전단계,197,걷기,달리기,전신 루틴 스트레칭,없음," 걷기,  사다리 옆으로 발 옮기기,  달리기,  계단 뛰기"," 사다리 옆으로 발 옮기기,  걷기,  무릎 높여 제자리 달리기,  줄넘기"
135,54,하,M,170.0,76.34,26.4,50대,1단계비만,200,유산소 운동 전 동적 루틴 스트레칭, 앉아서 다리 밀기,전신 루틴 스트레칭,없음," 엎드려 버티기,  네발기기 자세로 팔 다리 들기, 달리기,  자전거타기"," 계단 올라갔다 내려오기,  윗몸올리기 ,  네발기기 자세로 팔 다리 들기, 윗몸올리기 "
136,56,하,F,152.7,53.72,23.0,50대,비만전단계,197,걷기,달리기,전신 루틴 스트레칭,없음," 계단 뛰기,  무릎 높여 제자리 달리기,  줄넘기,  달리기"," 사다리 옆으로 발 옮기기,  계단 뛰기,  걷기,  무릎 높여 제자리 달리기"
137,55,하,F,152.0,57.6,24.9,50대,비만전단계,197,걷기, 무릎 높여 제자리 달리기,전신 루틴 스트레칭,없음,"달리기,  달리기,  줄넘기,  계단 뛰기"," 걷기,  계단 뛰기,  달리기,  사다리 옆으로 발 옮기기"
138,61,중,F,152.8,49.0,21.0,60대,정상체중,226,전신 루틴 스트레칭, 자전거타기,전신 루틴 스트레칭, 유산소 운동 전 동적 루틴 스트레칭," 물통으로 양팔 들어올리기,  누워서 엉덩이 들어올리기,  몸통 들어올리기,  누워서 다리 들어올리기"," 계단 올라갔다 내려오기,  유산소 운동 전 동적 루틴 스트레칭,  물병 들고 한발 앞으로 내밀고 앉았다 일어서기,  자전거타기"
139,23,하,M,179.0,79.0,24.7,20대,비만전단계,86,걷기,달리기,전신 루틴 스트레칭,없음," 걷기,  계단 뛰기,  줄넘기,  무릎 높여 제자리 달리기"," 계단 올라갔다 내려오기,  무릎 높여 제자리 달리기,  줄넘기,  걷기"
140,31,하,F,169.0,50.0,17.5,30대,저체중,113,유산소 운동 전 동적 루틴 스트레칭, 앉아서 밀기,전신 루틴 스트레칭,없음," 앉아서 밀기,  허리 굽혀 덤벨 뒤로 들기,  앉았다 일어서기,  자전거타기","윗몸올리기 ,  자전거타기,  앉아서 당겨 내리기,  엎드려 버티기"
141,64,하,F,147.5,56.3,25.9,60대,1단계비만,239,걷기, 엉덩이 스트레칭,자전거타기,없음," 대퇴사두근 스트레칭, 엉덩이 스트레칭,  자전거타기,  등/어깨 뒤쪽 스트레칭"," 등/어깨 뒤쪽 스트레칭,  자전거타기, 엉덩이 스트레칭,  대퇴사두근 스트레칭"
142,25,하,M,173.4,73.3,24.4,20대,비만전단계,86,걷기, 무릎 높여 제자리 달리기,전신 루틴 스트레칭,없음," 걷기, 달리기,  줄넘기,  계단 뛰기","달리기,  계단 뛰기,  버피운동,  줄넘기"
143,36,하,F,158.1,55.1,22.0,30대,정상체중,119,유산소 운동 전 동적 루틴 스트레칭, 자전거타기,전신 루틴 스트레칭,없음," 걷기,  누워서 다리 들어올리기,  앉아서 당겨 내리기,  앉아서 다리 밀기"," 자전거타기,  물병 옆으로 들어올리기,  걷기,  계단 올라갔다 내려오기"
144,20,하,M,175.0,70.7,23.1,20대,비만전단계,86,걷기, 무릎 높여 제자리 달리기,전신 루틴 스트레칭,없음," 계단 올라갔다 내려오기,  버피운동, 달리기,  걷기","달리기,  계단 뛰기,  계단 올라갔다 내려오기,  버피운동"
145,21,하,M,175.0,59.6,19.5,20대,정상체중,80,걷기, 무릎 높여 제자리 달리기,전신 루틴 스트레칭,없음," 걷기,  스텝퍼 옆으로 뛰어넘기,  계단 뛰기,  계단 올라갔다 내려오기"," 계단 올라갔다 내려오기,  엎드려 버티기, 달리기,  계단 뛰기"
146,36,하,F,156.0,52.7,21.7,30대,정상체중,119,유산소 운동 전 동적 루틴 스트레칭, 서서 상체 일으키기,전신 루틴 스트레칭,없음," 누워서 엉덩이 들어올리기,  윗몸올리기 ,  한발 앞으로 내밀고 앉았다 일어서기,  엎드려 버티기"," 옆으로 누워 버티기,  앉아서 모으기,  몸통 들어올리기,  앉아서 뒤로 당기기"
147,21,중,M,173.0,64.9,21.7,20대,정상체중,79,유산소 운동 전 동적 루틴 스트레칭, 앉아서 밀기,전신 루틴 스트레칭,없음,"윗몸올리기 ,  자전거타기,  네발기기 자세로 팔 다리 들기,  뒤꿈치 들기"," 계단 뛰기, 앉았다 일어서기,  서서 상체 일으키기,  엎드려서 팔 다리 들기"
148,20,하,M,178.0,71.6,22.6,20대,정상체중,80,걷기,달리기,전신 루틴 스트레칭,없음," 계단 올라갔다 내려오기,  엎드려 버티기,  무릎 높여 제자리 달리기,  스텝퍼 옆으로 뛰어넘기"," 엎드려 버티기,  무릎 높여 제자리 달리기,  스텝퍼 옆으로 뛰어넘기,  걷기"
149,71,하,F,153.5,62.62,26.6,70대 이상,1단계비만,275,전신 루틴 스트레칭, 벽에서 팔굽혀 펴기,전신 루틴 스트레칭,없음," 자전거타기,  수영,  물병 들고 한발 앞으로 내밀고 앉았다 일어서기, 윗몸올리기 "," 물속에서 걷기,  의자에 앉아 등 굽혔다 펴기,  누워서 엉덩이 들어올리기,  의자 앞에서 앉았다 일어서기"
150,57,하,F,152.4,71.9,31.0,50대,2단계비만,209,걷기, 무릎 높여 제자리 달리기,전신 루틴 스트레칭,없음," 계단 올라갔다 내려오기,  계단 뛰기,  스텝퍼 뛰어서 오르내리기,  수영"," 계단 올라갔다 내려오기,  수영,  스텝퍼 뛰어서 오르내리기,  달리기"
151,61,중,F,141.4,44.42,22.2,60대,정상체중,226,전신 루틴 스트레칭, 누워서 엉덩이 들어올리기,전신 루틴 스트레칭, 유산소 운동 전 동적 루틴 스트레칭," 밴드 머리 뒤로 들어올리기,  의자 앞에서 앉았다 일어서기,  엎드려 양팔 및 다리 들어올리기,  서서 상체 일으키기"," 엎드려 버티기,  한발 앞으로 내밀고 앉았다 일어서기,  엎드려 양팔 및 다리 들어올리기,  뒤로 팔굽혀펴기"
152,29,상,M,178.0,72.1,22.8,20대,정상체중,78,유산소 운동 전 동적 루틴 스트레칭, 걷기,전신 루틴 스트레칭,없음,"앉아서 당겨 내리기,  자전거타기,  앉아서 뒤로 당기기, 앉아서 다리 밀기"," 윗몸올리기 , 달리기,  엎드려서 팔 다리 들기,  누워서 엉덩이 들어올리기"
153,36,하,M,182.8,94.4,28.3,30대,1단계비만,128,걷기,달리기,전신 루틴 스트레칭,없음," 걷기,  무릎 높여 제자리 달리기,  옆으로 펀치하기,  계단 뛰기"," 뛰어 내렸다가 바로 점프하기,  옆으로 펀치하기,  무릎 높여 제자리 달리기,  달리기"
154,68,하,F,151.0,52.1,22.8,60대,정상체중,227,걷기, 엉덩이 스트레칭,자전거타기,없음," 목 스트레칭, 엉덩이 스트레칭,  회전근개 스트레칭,  골반 스트레칭"," 목 스트레칭, 엉덩이 스트레칭,  골반 스트레칭,  회전근개 스트레칭"
155,39,하,M,170.2,87.0,30.0,30대,2단계비만,134,유산소 운동 전 동적 루틴 스트레칭, 앉아서 밀기,전신 루틴 스트레칭,없음," 옆으로 누워 버티기,  앉아서 다리 밀기,  줄넘기,  자전거타기","앉았다 일어서기,  줄넘기, 윗몸올리기 ,  누워서 다리 들어올리기"
156,74,중,M,170.0,62.0,21.5,70대 이상,정상체중,259,전신 루틴 스트레칭, 걷기,전신 루틴 스트레칭,없음," 누워서 다리 들어올리기,  걷기,  누워서 엉덩이 들어올리기,  의자에 앉아 등 굽혔다 펴기"," 서서 상체 일으키기,  물병 들고 한발 앞으로 내밀고 앉았다 일어서기,  밴드 걸고 앉아서 발등 굽힘,  밴드 머리 뒤로 들어올리기"
157,27,중,F,165.0,57.8,21.2,20대,정상체중,82,걷기, 무릎 높여 제자리 달리기,전신 루틴 스트레칭,없음," 스텝퍼 뛰어서 오르내리기,  걷기,  줄넘기,  뛰어 내렸다가 바로 점프하기"," 스텝퍼 뛰어서 오르내리기,  걷기,  계단 뛰기, 달리기"
158,77,하,F,155.0,63.4,26.4,70대 이상,1단계비만,275,전신 루틴 스트레칭, 자전거타기,전신 루틴 스트레칭,없음," 엎드려 양팔 및 다리 들어올리기,  수영,  스텝박스,  앉았다 일어서기"," 서서 상체 일으키기, 윗몸올리기 ,  옆으로 누워 버티기,  엎드려 양팔 및 다리 들어올리기"
159,68,중,M,165.4,63.83,23.3,60대,비만전단계,229,전신 루틴 스트레칭, 몸통 들어올리기,전신 루틴 스트레칭, 유산소 운동 전 동적 루틴 스트레칭," 앉아서 밀기,  물통으로 양팔 들어올리기,  팔굽혀펴기,  스텝박스"," 팔굽혀펴기,  걷기,  의자에 앉아 등 굽혔다 펴기,  목봉잡고 앉았다 일어나기"
160,21,하,F,160.0,52.8,20.6,20대,정상체중,83,걷기, 무릎 높여 제자리 달리기,전신 루틴 스트레칭,없음," 달리기,  사다리 옆으로 발 옮기기,  계단 뛰기,  엎드려 버티기"," 사다리 옆으로 발 옮기기,  계단 뛰기, 달리기,  엎드려 버티기"
161,80,상,M,172.3,68.2,23.0,70대 이상,비만전단계,264,전신 루틴 스트레칭, 걷기,전신 루틴 스트레칭,없음," 걷기,  밴드 걸고 누워서 다리 들어올리기,  물병 들고 한발 앞으로 내밀고 앉았다 일어서기,  의자 앞에서 앉았다 일어서기"," 윗몸올리기 ,  의자에 앉아 등 굽혔다 펴기,  공 잡고 들어올리기,  벽에서 팔굽혀 펴기"
162,20,상,F,159.5,46.78,18.4,20대,저체중,75,유산소 운동 전 동적 루틴 스트레칭, 자전거타기,전신 루틴 스트레칭, 자전거타기," 거꾸로 누워서 밀기,  바벨들어올리기,  엎드려 버티기,  줄넘기"," 거꾸로 누워서 밀기,  누워서 다리 들어올리기,  버피운동, 윗몸올리기 "
163,47,하,F,151.5,51.3,22.4,40대,정상체중,155,걷기, 무릎 높여 제자리 달리기,전신 루틴 스트레칭,없음,"달리기,  줄넘기,  계단 뛰기,  걷기","달리기,  사다리 안팎 뛰기,  사다리 옆으로 발 옮기기,  걷기"
164,70,하,F,159.7,59.5,23.3,70대 이상,비만전단계,269,전신 루틴 스트레칭, 엎드려 양팔 및 다리 들어올리기,전신 루틴 스트레칭,없음," 벽에서 팔굽혀 펴기,  누워서 배가로근 수축, 윗몸올리기 ,  엎드려 버티기"," 서서 상체 일으키기,  물통으로 양팔 들어올리기,  계단 올라갔다 내려오기,  수영"
165,37,하,F,156.1,69.42,28.5,30대,1단계비만,131, 하지 루틴 스트레칭, 계단 올라갔다 내려오기,전신 루틴 스트레칭," 유산소 운동 전 동적 루틴 스트레칭,  전신 루틴 스트레칭, 하지 루틴 스트레칭, 상지 루틴 스트레칭"," 달리기, 상지 루틴 스트레칭,  누워서 엉덩이 들어올리기,  유산소 운동 전 동적 루틴 스트레칭"," 자전거타기,  유산소 운동 전 동적 루틴 스트레칭, 하지 루틴 스트레칭,  하지 루틴 스트레칭"
166,61,하,F,157.2,47.8,19.3,60대,정상체중,227,걷기, 엉덩이 스트레칭,자전거타기,없음," 골반 스트레칭,  목 스트레칭, 엉덩이 스트레칭,  회전근개 스트레칭"," 회전근개 스트레칭,  목 스트레칭, 엉덩이 스트레칭,  골반 스트레칭"
167,45,하,M,172.9,90.2,30.2,40대,2단계비만,170,유산소 운동 전 동적 루틴 스트레칭, 누워서 엉덩이 들어올리기,전신 루틴 스트레칭,없음," 달리기,  팔굽혀펴기,  몸통 들어올리기,  바벨 끌어당기기"," 앉아서 밀기,  바벨 끌어당기기,  앉아서 다리 펴기,  누워서 다리 들어올리기"
168,35,하,M,170.3,77.6,26.8,30대,1단계비만,128,걷기, 무릎 높여 제자리 달리기,전신 루틴 스트레칭,없음," 걷기,  계단 뛰기,  달리기,  뛰어 내렸다가 바로 점프하기","달리기,  줄넘기,  달리기,  옆으로 펀치하기"
169,41,하,F,160.7,55.5,21.5,40대,정상체중,155,걷기, 무릎 높여 제자리 달리기,전신 루틴 스트레칭,없음," 사다리 옆으로 발 옮기기,  사다리 안팎 뛰기, 달리기,  줄넘기"," 사다리 옆으로 발 옮기기,  줄넘기,  버피운동,  사다리 안팎 뛰기"
170,52,하,F,155.0,56.1,23.4,50대,비만전단계,197,걷기,달리기,전신 루틴 스트레칭,없음," 줄넘기,  무릎 높여 제자리 달리기,  사다리 옆으로 발 옮기기,  계단 뛰기"," 달리기,  무릎 높여 제자리 달리기,  걷기,  줄넘기"
171,66,중,F,156.5,54.6,22.3,60대,정상체중,226,전신 루틴 스트레칭, 걷기,전신 루틴 스트레칭, 유산소 운동 전 동적 루틴 스트레칭," 엎드려 양팔 및 다리 들어올리기,  한발 앞으로 내밀고 앉았다 일어서기,  팔꿈치 굽히기,  자전거타기"," 물병 들고 한발 앞으로 내밀고 앉았다 일어서기,  유산소 운동 전 동적 루틴 스트레칭,  앉았다 일어서기,  한발 앞으로 내밀고 앉았다 일어서기"
172,19,하,M,175.0,71.6,23.4,10대,비만전단계,50,걷기,달리기,전신 루틴 스트레칭,없음," 무릎 높여 제자리 달리기,  엎드려 버티기,  계단 올라갔다 내려오기,  계단 뛰기"," 무릎 높여 제자리 달리기,  수영,  계단 뛰기,  계단 올라갔다 내려오기"
173,57,하,F,164.0,68.0,25.3,50대,1단계비만,203,걷기, 무릎 높여 제자리 달리기,전신 루틴 스트레칭,없음,"달리기,  걷기,  계단 뛰기,  줄넘기"," 걷기,  줄넘기,  달리기,  계단 올라갔다 내려오기"
174,31,중,F,166.0,60.0,21.8,30대,정상체중,118,걷기,달리기,전신 루틴 스트레칭,없음," 수영,  달리기,  무릎 높여 제자리 달리기,  걷기"," 줄넘기,  달리기,  무릎 높여 제자리 달리기,  스텝퍼 오르내리기"
175,76,하,M,176.0,61.1,19.7,70대 이상,정상체중,260,전신 루틴 스트레칭,윗몸올리기 ,전신 루틴 스트레칭,없음," 밴드 걸고 누워서 다리 들어올리기,  물통으로 양팔 들어올리기,  엎드려 양팔 및 다리 들어올리기,  벽에서 팔굽혀 펴기"," 윗몸올리기 ,  의자 앞에서 앉았다 일어서기,  짐볼 이용해 앉았다 일어서기,  앉았다 일어서기"
176,74,하,F,150.0,59.3,26.4,70대 이상,1단계비만,275,전신 루틴 스트레칭, 의자에 앉아 등 굽혔다 펴기,전신 루틴 스트레칭,없음," 엎드려 뒤로 다리 올리기,  스텝박스,  물속에서 걷기,  옆으로 누워 버티기","윗몸올리기 ,  서서 상체 일으키기,  밴드 걸고 누워서 다리 들어올리기,  팔굽혀펴기"
177,52,상,M,168.7,50.32,17.7,50대,저체중,180,유산소 운동 전 동적 루틴 스트레칭, 서서 상체 일으키기,전신 루틴 스트레칭,없음," 몸통 들어올리기,  서서 상체 일으키기,  걷기,  앉아서 당겨 내리기"," 앉아서 다리 펴기,  엎드려 버티기,  앉아서 다리 밀기,  걷기"
178,51,하,F,156.6,81.3,33.2,50대,2단계비만,209,걷기,달리기,전신 루틴 스트레칭,없음," 계단 올라갔다 내려오기,  계단 뛰기,  무릎 높여 제자리 달리기,  수영"," 달리기,  계단 올라갔다 내려오기,  스텝퍼 뛰어서 오르내리기,  수영"
179,68,하,M,166.0,69.4,25.2,60대,1단계비만,236,걷기, 엉덩이 스트레칭,자전거타기,없음,"허리 스트레칭,  골반 스트레칭, 엉덩이 스트레칭,  회전근개 스트레칭","엉덩이 스트레칭,  회전근개 스트레칭, 허리 스트레칭,  골반 스트레칭"
180,21,상,F,156.0,50.0,20.5,20대,정상체중,81,유산소 운동 전 동적 루틴 스트레칭, 서서 상체 일으키기,전신 루틴 스트레칭,없음," 누워서 밀기,  바벨들어올리기,  윗몸올리기 , 윗몸올리기 "," 누워서 다리 들어올리기, 앉아서 다리 밀기,  자전거타기,  엎드려 버티기"
181,23,중,M,163.0,61.0,23.0,20대,비만전단계,85,유산소 운동 전 동적 루틴 스트레칭, 누워서 엉덩이 들어올리기,전신 루틴 스트레칭,없음," 앉아서 당겨 내리기,  누워서 다리 들어올리기, 달리기,  앉아서 다리 모으기"," 앉아서 당겨 내리기,  누워서 다리 들어올리기,  누워서 팔 다리 동시에 들어올리기,  앉아서 다리 벌리기"
182,23,하,M,176.0,75.4,24.3,20대,비만전단계,86,걷기, 무릎 높여 제자리 달리기,전신 루틴 스트레칭,없음,"달리기,  줄넘기,  버피운동,  계단 뛰기"," 계단 올라갔다 내려오기,  버피운동, 달리기,  걷기"
183,23,하,M,165.6,63.1,23.0,20대,비만전단계,86,걷기,달리기,전신 루틴 스트레칭,없음," 계단 뛰기,  줄넘기,  버피운동,  무릎 높여 제자리 달리기"," 계단 뛰기,  버피운동,  계단 올라갔다 내려오기,  무릎 높여 제자리 달리기"
184,66,중,F,150.7,52.8,23.2,60대,비만전단계,232,목 스트레칭, 물병 들고 한발 앞으로 내밀고 앉았다 일어서기,엉덩이 스트레칭," 상지 루틴 스트레칭,  회전근개 스트레칭,  배 스트레칭,  등/어깨 뒤쪽 스트레칭"," 짐볼에서 윗몸 일으키기,  등/어깨 뒤쪽 스트레칭,  옆구리 스트레칭,  엎드려 버티기"," 덤벨 잡고 뒤꿈치 들기,  상지 루틴 스트레칭,  몸통 들어올리기,  줄넘기"
185,54,중,F,151.1,48.2,21.1,50대,정상체중,190,걷기,달리기,전신 루틴 스트레칭,없음," 걷기,  버피운동,  줄넘기,  수영"," 사다리 안팎 뛰기,  수영,  버피운동,  줄넘기"
186,71,하,F,148.3,53.8,24.5,70대 이상,비만전단계,269,전신 루틴 스트레칭, 의자 앞에서 앉았다 일어서기,전신 루틴 스트레칭,없음," 걷기, 윗몸올리기 ,  밴드 머리 뒤로 들어올리기,  벽에서 팔굽혀 펴기"," 벽에서 팔굽혀 펴기,  서서 상체 일으키기,  물통으로 양팔 들어올리기,  윗몸올리기 "
187,39,하,F,167.1,66.1,23.7,30대,비만전단계,125,걷기,달리기,전신 루틴 스트레칭,없음," 줄넘기,  옆으로 누워 버티기,  수영,  걷기"," 앉았다 일어서기,  수영,  옆으로 누워 버티기,  줄넘기"
188,52,하,F,153.0,51.7,22.1,50대,정상체중,191,유산소 운동 전 동적 루틴 스트레칭, 앉아서 다리 펴기,전신 루틴 스트레칭,없음," 한발 앞으로 내밀고 앉았다 일어서기,  앉아서 밀기,  엎드려서 팔 다리 들기,  앉아서 다리 밀기","달리기,  옆으로 누워 버티기, 자전거타기,  팔굽혀펴기"
189,55,중,F,162.0,58.46,22.3,50대,정상체중,190,걷기, 무릎 높여 제자리 달리기,전신 루틴 스트레칭,없음,"달리기,  버피운동,  걷기,  엎드려 버티기"," 수영,  사다리 안팎 뛰기,  버피운동,  걷기"
190,55,하,F,161.0,55.0,21.2,50대,정상체중,191,유산소 운동 전 동적 루틴 스트레칭, 앉아서 밀기,전신 루틴 스트레칭,없음," 걷기,  팔꿈치 굽히기,  팔굽혀펴기,  한발 앞으로 내밀고 앉았다 일어서기","달리기,  서서 상체 일으키기, 윗몸올리기 ,  윗몸올리기 "
191,67,하,F,162.8,66.8,25.2,60대,1단계비만,239,걷기,엉덩이 스트레칭,자전거타기,없음," 자전거타기,  엉덩이 스트레칭,  대퇴사두근 스트레칭,  등/어깨 뒤쪽 스트레칭"," 대퇴사두근 스트레칭,  등/어깨 뒤쪽 스트레칭,  엉덩이 스트레칭,  자전거타기"
192,65,하,F,155.0,53.9,22.4,60대,정상체중,227,걷기,엉덩이 스트레칭,자전거타기,없음," 회전근개 스트레칭,  골반 스트레칭,  엉덩이 스트레칭,  목 스트레칭"," 회전근개 스트레칭,  엉덩이 스트레칭,  골반 스트레칭,  목 스트레칭"
193,21,하,M,180.0,72.0,22.2,20대,정상체중,80,걷기, 무릎 높여 제자리 달리기,전신 루틴 스트레칭,없음," 계단 올라갔다 내려오기,  걷기,  엎드려 버티기,  스텝퍼 옆으로 뛰어넘기"," 엎드려 버티기,  계단 뛰기,  걷기,  계단 올라갔다 내려오기"
194,20,하,M,173.0,61.4,20.5,20대,정상체중,80,걷기,달리기,전신 루틴 스트레칭,없음," 계단 뛰기,  계단 올라갔다 내려오기,  무릎 높여 제자리 달리기,  스텝퍼 옆으로 뛰어넘기"," 무릎 높여 제자리 달리기,  계단 올라갔다 내려오기,  엎드려 버티기,  걷기"
195,74,하,M,175.0,81.7,26.7,70대 이상,1단계비만,272,전신 루틴 스트레칭, 엎드려 양팔 및 다리 들어올리기,전신 루틴 스트레칭,없음," 벽에서 팔굽혀 펴기,  물병 들고 한발 앞으로 내밀고 앉았다 일어서기,  스텝박스,  서서 상체 일으키기"," 누워서 엉덩이 들어올리기,  스텝박스,  몸통 들어올리기,  의자 앞에서 앉았다 일어서기"
196,20,하,M,191.0,81.1,22.2,20대,정상체중,80,걷기, 무릎 높여 제자리 달리기,전신 루틴 스트레칭,없음," 걷기,  엎드려 버티기,  계단 올라갔다 내려오기, 달리기"," 걷기,  엎드려 버티기,  계단 뛰기, 달리기"
197,18,하,F,155.8,44.0,18.1,10대,저체중,41, 팔꿈치 머리 뒤로 젖히기, 앉았다 일어나며 점프하기, 휴식자세," 정적 스트레칭  루틴프로그램, 팔꿈치 원 그리기,  온 몸 뻗어주기,  양발 벌려 무릎 밀어내기"," 맨몸운동  루틴프로그램, 팔꿈치 원 그리기,  전갈자세,  온 몸 뻗어주기"," 요가 및 필라테스  루틴프로그램,  팔 돌리며 점프하기,  사이드 지그재그 뛰기,  옆으로 팔 벌리며 점프하기"
198,15,하,M,173.2,65.7,21.9,10대,정상체중,44,걷기,달리기,전신 루틴 스트레칭,없음," 앉았다 일어서면서 점프하기,  계단 올라갔다 내려오기,  무릎 높여 제자리 달리기,  걷기"," 줄넘기,  계단 뛰기,  무릎 높여 제자리 달리기,  걷기"
199,17,하,F,164.4,57.8,21.4,10대,정상체중,47,걷기, 무릎 높여 제자리 달리기,전신 루틴 스트레칭,없음,"달리기,  계단 뛰기,  수영,  버피운동","달리기,  버피운동,  수영,  앉았다 일어서면서 점프하기"
200,15,하,F,161.6,61.2,23.4,10대,비만전단계,53,유산소 운동 전 동적 루틴 스트레칭, 서서 상체 일으키기,전신 루틴 스트레칭,없음," 자전거타기,  몸통 들어올리기,  앉아서 밀기,  앉아서 뒤로 당기기"," 바벨들어올리기,  누워서 다리 들어올리기, 걷기,  계단 올라갔다 내려오기"
201,17,중,M,164.6,51.5,19.0,10대,정상체중,43, 팔 벌려 뛰기, 볼 잡고 점프하기,걷기," 동적 스트레칭 루틴프로그램, 달리기"," 사다리 이용 루틴 운동,  버피운동,  뒤꿈치 높이들어 뛰기,  순간반응 콘 찍기","걷기,  저항밴드 운동  루틴프로그램,  정적 스트레칭  루틴프로그램,  버피운동"
202,17,하,F,151.9,45.6,19.8,10대,정상체중,47,걷기, 무릎 높여 제자리 달리기,전신 루틴 스트레칭,없음," 수영,  앉았다 일어서면서 점프하기,  계단 올라갔다 내려오기, 달리기"," 계단 올라갔다 내려오기,  앉았다 일어서면서 점프하기,  버피운동,  수영"
203,13,하,M,151.0,49.2,21.6,10대,정상체중,44,걷기, 무릎 높여 제자리 달리기,전신 루틴 스트레칭,없음,"달리기,  계단 뛰기,  걷기,  줄넘기"," 계단 올라갔다 내려오기,  앉았다 일어서면서 점프하기,  계단 뛰기,  줄넘기"
204,60,하,F,156.8,59.6,24.2,60대,비만전단계,233,걷기,엉덩이 스트레칭,자전거타기,없음," 엉덩이 스트레칭,  목 스트레칭,  등/어깨 뒤쪽 스트레칭,  골반 스트레칭"," 목 스트레칭,  등/어깨 뒤쪽 스트레칭,  골반 스트레칭,  엉덩이 스트레칭"
205,68,하,F,153.5,72.2,30.6,60대,2단계비만,245, 허리 스트레칭, 수건 이용하여 장딴지 늘리기, 가슴 스트레칭," 엉덩이 스트레칭,  깍지 끼고 상체 숙이기, 목 스트레칭,  가슴/어깨 앞쪽 스트레칭"," 대퇴사두근 스트레칭,  등/어깨 뒤쪽 스트레칭,  엉덩이 스트레칭,  넙다리 스트레칭"," 가슴/어깨 앞쪽 스트레칭,  깍지 끼고 상체 숙이기, 누워서 전신 뻗기,  엉덩이 스트레칭"
206,63,하,F,162.7,56.6,21.4,60대,정상체중,227,걷기, 엉덩이 스트레칭,자전거타기,없음," 목 스트레칭,  골반 스트레칭, 엉덩이 스트레칭,  회전근개 스트레칭"," 목 스트레칭,  회전근개 스트레칭,  골반 스트레칭, 엉덩이 스트레칭"
207,56,중,F,155.7,52.16,21.5,50대,정상체중,190,걷기, 무릎 높여 제자리 달리기,전신 루틴 스트레칭,없음," 줄넘기,  엎드려 버티기, 달리기,  사다리 안팎 뛰기"," 버피운동,  사다리 안팎 뛰기,  줄넘기,  수영"
208,52,하,F,160.5,70.88,27.5,50대,1단계비만,203,걷기,달리기,전신 루틴 스트레칭,없음," 계단 올라갔다 내려오기,  계단 뛰기,  걷기,  달리기"," 무릎 높여 제자리 달리기,  달리기,  계단 뛰기,  걷기"
209,69,하,M,171.8,73.36,24.9,60대,비만전단계,230,걷기, 무릎 높여 제자리 달리기,전신 루틴 스트레칭,없음,"달리기,  줄넘기,  걷기,  수영"," 줄넘기, 달리기,  수영,  걷기"
210,24,하,F,159.5,43.5,17.1,20대,저체중,77,걷기, 무릎 높여 제자리 달리기,전신 루틴 스트레칭,없음," 걷기,  사다리 안팎 뛰기, 달리기,  계단 뛰기"," 걷기,  옆으로 누워 버티기, 달리기,  앉았다 일어서기"
211,71,하,F,156.9,56.32,22.9,70대 이상,정상체중,263,전신 루틴 스트레칭,윗몸올리기 ,전신 루틴 스트레칭,없음," 자전거타기,  걷기,  앉았다 일어서기,  스텝박스"," 걷기,  윗몸올리기 ,  짐볼에서 엉덩이 돌리기,  물병 들고 한발 앞으로 내밀고 앉았다 일어서기"
212,58,하,M,164.6,74.66,27.6,50대,1단계비만,200,유산소 운동 전 동적 루틴 스트레칭, 자전거타기,전신 루틴 스트레칭,없음," 엎드려서 팔 다리 들기,  윗몸올리기 ,  엎드려 버티기,  앉아서 다리 밀기"," 서서 상체 일으키기,  누워서 밀기,  네발기기 자세로 팔 다리 들기,  뒤꿈치 들기"
213,68,중,F,160.2,63.0,24.5,60대,비만전단계,232,목 스트레칭, 물병 들고 한발 앞으로 내밀고 앉았다 일어서기,엉덩이 스트레칭," 골반 스트레칭,  어깨 양 옆으로 돌리기,  어깨 뒤쪽 스트레칭,  배 스트레칭"," 골반 스트레칭,  앉아서 다리 밀기 ,  밴드 머리 뒤로 들어올리기,  밴드 걸고 누워서 다리 들어올리기","몸통 들어올리기, 달리기,  앉아서 다리 밀기 ,  상지 루틴 스트레칭"
214,25,하,F,161.0,60.0,23.1,20대,비만전단계,89,걷기, 무릎 높여 제자리 달리기,전신 루틴 스트레칭,없음," 팔굽혀펴기,  사다리 옆으로 발 옮기기,  수영,  계단 뛰기"," 수영,  사다리 옆으로 발 옮기기,  걷기, 달리기"
215,75,중,F,140.0,45.7,23.3,70대 이상,비만전단계,268,깍지 끼고 상체 숙이기,몸통 들어올리기,양팔 벌려 전신 비틀기," 허리 스트레칭, 목 스트레칭,  회전근개 스트레칭, 깍지 끼고 상체 숙이기","깍지 끼고 상체 숙이기,  스텝박스 오르내리기 ,  덤벨 잡고 뒤꿈치 들기, 누워서 전신 뻗기"," 좌우 찍기,  의자 잡고 서기,  회전근개 스트레칭,  밴드 걸고 누워서 다리 들어올리기"
216,63,하,M,166.3,61.1,22.1,60대,정상체중,224,전신 루틴 스트레칭, 벽에서 팔굽혀 펴기,전신 루틴 스트레칭, 유산소 운동 전 동적 루틴 스트레칭," 엎드려 양팔 및 다리 들어올리기,  벽에서 팔굽혀 펴기, 윗몸올리기 ,  팔꿈치 굽히기"," 몸통 들어올리기,  줄넘기,  계단 올라갔다 내려오기,  유산소 운동 전 동적 루틴 스트레칭"
217,49,하,F,166.5,56.9,20.5,40대,정상체중,155,걷기, 무릎 높여 제자리 달리기,전신 루틴 스트레칭,없음," 계단 뛰기, 달리기,  줄넘기,  사다리 안팎 뛰기","달리기,  걷기,  사다리 안팎 뛰기,  버피운동"
218,74,하,F,150.5,76.3,33.7,70대 이상,2단계비만,281,걷기,엉덩이 스트레칭,자전거타기,없음," 목 스트레칭,  공 잡고 들어올리기,  자전거타기,  엉덩이 스트레칭"," 공 잡고 들어올리기,  목 스트레칭,  자전거타기,  엉덩이 스트레칭"
219,46,상,F,159.4,57.0,22.4,40대,정상체중,153,전신 루틴 스트레칭, 수영, 상지 루틴 스트레칭, 유산소 운동 전 동적 루틴 스트레칭," 엎드려 버티기,  앉았다 일어서기,  계단 뛰기,  유산소 운동 전 동적 루틴 스트레칭","하지 루틴 스트레칭,  자가근막이완술 루틴 스트레칭,  유산소 운동 전 동적 루틴 스트레칭, 저항밴드 운동  루틴프로그램"
220,51,중,M,170.0,67.6,23.4,50대,비만전단계,193,유산소 운동 전 동적 루틴 스트레칭, 앉아서 다리 펴기,전신 루틴 스트레칭,없음,"윗몸올리기 ,  누워서 밀기,  계단 올라갔다 내려오기,  수영"," 바벨들어올리기,  윗몸올리기 ,  계단 올라갔다 내려오기,  앉아서 다리 펴기"
221,70,중,M,163.6,59.9,22.4,70대 이상,정상체중,259,전신 루틴 스트레칭, 벽에서 팔굽혀 펴기,전신 루틴 스트레칭,없음," 윗몸올리기 ,  자전거타기, 윗몸올리기 ,  앉아서 다리 밀기 "," 앉아서 다리 밀기 ,  짐볼 이용해 앉았다 일어서기,  스텝박스,  수영"
222,67,중,F,152.0,57.8,25.0,60대,1단계비만,238, 엉덩이 스트레칭,걷기,가슴/어깨 스트레칭," 넙다리 스트레칭,  어깨 뒤쪽 스트레칭,  목 스트레칭,  배 스트레칭"," 자전거타기, 아래 팔 스트레칭,  대퇴사두근 스트레칭,  어깨 스트레칭"," 대퇴사두근 스트레칭,  어깨 뒤쪽 스트레칭,  넙다리 스트레칭,  허리 스트레칭"
223,66,하,F,157.0,47.9,19.4,60대,정상체중,227,걷기,엉덩이 스트레칭,자전거타기,없음," 목 스트레칭,  골반 스트레칭,  회전근개 스트레칭,  엉덩이 스트레칭"," 골반 스트레칭,  목 스트레칭,  엉덩이 스트레칭,  회전근개 스트레칭"
224,56,하,F,158.0,58.2,23.3,50대,비만전단계,197,걷기, 무릎 높여 제자리 달리기,전신 루틴 스트레칭,없음," 계단 뛰기,  걷기,  줄넘기,  달리기"," 사다리 옆으로 발 옮기기,  줄넘기,  달리기,  걷기"
225,54,하,F,157.0,56.7,23.0,50대,비만전단계,197,걷기, 무릎 높여 제자리 달리기,전신 루틴 스트레칭,없음," 사다리 옆으로 발 옮기기,  계단 뛰기,  걷기,  줄넘기"," 걷기,  달리기,  줄넘기,  계단 뛰기"
226,54,상,F,154.8,46.9,19.6,50대,정상체중,189,유산소 운동 전 동적 루틴 스트레칭, 앉아서 밀기,전신 루틴 스트레칭,없음," 바벨 끌어당기기, 달리기,  팔꿈치 굽히기,  자전거타기"," 서서 뒤꿈치 들기, 달리기,  달리기,  바벨 들어 팔꿈치 굽히기"
227,48,하,F,165.3,65.6,24.0,40대,비만전단계,161,걷기,달리기,전신 루틴 스트레칭,없음," 버피운동,  무릎 높여 제자리 달리기,  줄넘기,  계단 뛰기"," 계단 뛰기,  버피운동,  앉았다 일어서면서 점프하기,  무릎 높여 제자리 달리기"
228,56,하,F,143.0,42.7,20.9,50대,정상체중,191,유산소 운동 전 동적 루틴 스트레칭, 걷기,전신 루틴 스트레칭,없음," 누워서 다리 들어올리기, 달리기,  누워서 밀기, 윗몸올리기 ","달리기,  팔꿈치 굽히기,  누워서 밀기, 윗몸올리기 "
229,57,하,F,153.7,63.1,26.7,50대,1단계비만,203,걷기, 무릎 높여 제자리 달리기,전신 루틴 스트레칭,없음," 계단 뛰기,  계단 올라갔다 내려오기,  달리기,  걷기"," 걷기,  줄넘기, 달리기,  달리기"
230,23,하,F,160.6,53.6,20.8,20대,정상체중,83,걷기, 무릎 높여 제자리 달리기,전신 루틴 스트레칭,없음," 수영,  엎드려 버티기,  걷기,  사다리 옆으로 발 옮기기"," 엎드려 버티기,  수영,  사다리 옆으로 발 옮기기, 달리기"
231,31,하,F,155.4,56.5,23.4,30대,비만전단계,125,걷기,달리기,전신 루틴 스트레칭,없음," 앉았다 일어서기,  옆으로 누워 버티기,  걷기,  줄넘기"," 무릎 높여 제자리 달리기,  줄넘기,  수영,  걷기"
232,70,중,F,157.5,62.8,25.3,70대 이상,1단계비만,274,전신 루틴 스트레칭, 벽에서 팔굽혀 펴기,전신 루틴 스트레칭,없음," 스텝박스,  의자에 앉아 등 굽혔다 펴기,  걷기,  아쿠아로빅"," 밴드 걸고 앉아서 발등 굽힘,  서서 상체 일으키기,  엎드려 양팔 및 다리 들어올리기, 윗몸올리기 "
233,16,하,M,178.3,72.5,22.8,10대,정상체중,44,걷기,달리기,전신 루틴 스트레칭,없음," 계단 올라갔다 내려오기,  줄넘기,  걷기,  계단 뛰기"," 무릎 높여 제자리 달리기,  걷기,  계단 뛰기,  계단 올라갔다 내려오기"
234,72,하,M,162.5,73.52,27.8,70대 이상,1단계비만,272,전신 루틴 스트레칭, 의자에 앉아 등 굽혔다 펴기,전신 루틴 스트레칭,없음," 물통으로 양팔 들어올리기,  자전거타기,  윗몸올리기 ,  의자 앞에서 앉았다 일어서기"," 목봉잡고 앉았다 일어나기,  걷기,  윗몸올리기 ,  자전거타기"
235,80,상,M,167.4,70.25,25.1,70대 이상,1단계비만,270, 등/어깨 뒤쪽 스트레칭, 몸통 들어올리기,깍지 끼고 상체 숙이기," 걷기, 깍지 끼고 상체 숙이기,  넙다리 스트레칭,  대퇴사두근 스트레칭"," 밴드 걸고 앉아서 발등 굽힘,  몸통 들어올리기,  덤벨 잡고 몸통 옆으로 굽히기,  물통으로 양팔 들어올리기","누워서 전신 뻗기,  몸통 들어올리기,  짐볼 이용해 앉았다 일어서기,  수영"
236,74,하,F,161.0,57.0,22.0,70대 이상,정상체중,263,전신 루틴 스트레칭, 걷기,전신 루틴 스트레칭,없음," 스텝박스,  걷기, 앉았다 일어서기,  서서 상체 일으키기"," 서서 상체 일으키기,  누워서 다리 들어올리기,  수영,  자전거타기"
237,31,하,M,183.7,109.9,32.6,30대,2단계비만,134,유산소 운동 전 동적 루틴 스트레칭, 앉아서 다리 펴기,전신 루틴 스트레칭,없음," 계단 올라갔다 내려오기,  서서 상체 일으키기,  달리기,  누워서 엉덩이 들어올리기","윗몸올리기 ,  바벨들어올리기,  윗몸올리기 ,  서서 상체 일으키기"
238,55,하,M,172.5,77.68,26.1,50대,1단계비만,200,유산소 운동 전 동적 루틴 스트레칭, 앉아서 당겨 내리기,전신 루틴 스트레칭,없음,"윗몸올리기 ,  계단 올라갔다 내려오기,  앉아서 밀기,  뒤꿈치 들기"," 앉아서 밀기,  누워서 밀기,  팔꿈치 굽히기,  윗몸올리기 "
239,68,하,F,157.0,68.1,27.6,60대,1단계비만,239,걷기,엉덩이 스트레칭,자전거타기,없음," 등/어깨 뒤쪽 스트레칭,  자전거타기,  대퇴사두근 스트레칭,  엉덩이 스트레칭"," 등/어깨 뒤쪽 스트레칭,  대퇴사두근 스트레칭,  자전거타기,  엉덩이 스트레칭"
240,74,하,F,156.0,63.9,26.3,70대 이상,1단계비만,275,전신 루틴 스트레칭, 의자에 앉아 등 굽혔다 펴기,전신 루틴 스트레칭,없음," 물병 들고 한발 앞으로 내밀고 앉았다 일어서기,  스텝박스,  걷기,  물통으로 양팔 들어올리기"," 벽에서 팔굽혀 펴기,  엎드려 뒤로 다리 올리기,  윗몸올리기 ,  물속에서 걷기"
241,57,하,F,165.6,69.22,25.2,50대,1단계비만,203,걷기, 무릎 높여 제자리 달리기,전신 루틴 스트레칭,없음," 계단 올라갔다 내려오기,  달리기, 달리기,  줄넘기"," 계단 뛰기,  계단 올라갔다 내려오기,  줄넘기,  달리기"
242,64,하,F,154.0,52.1,22.0,60대,정상체중,227,걷기, 엉덩이 스트레칭,자전거타기,없음," 회전근개 스트레칭,  목 스트레칭, 엉덩이 스트레칭,  골반 스트레칭"," 골반 스트레칭, 엉덩이 스트레칭,  목 스트레칭,  회전근개 스트레칭"
243,66,상,F,160.2,55.38,21.6,60대,정상체중,225,전신 루틴 스트레칭, 엎드려 양팔 및 다리 들어올리기,전신 루틴 스트레칭, 유산소 운동 전 동적 루틴 스트레칭," 네발기기 자세로 팔 다리 들기,  앉았다 일어서기,  달리기, 윗몸올리기 "," 몸통 들어올리기,  뒤로 팔굽혀펴기,  한발 앞으로 내밀고 앉았다 일어서기,  밴드 머리 뒤로 들어올리기"
244,54,하,F,159.0,69.5,27.5,50대,1단계비만,203,걷기,달리기,전신 루틴 스트레칭,없음," 걷기,  달리기,  계단 올라갔다 내려오기,  줄넘기"," 달리기,  계단 올라갔다 내려오기,  걷기,  줄넘기"
245,19,하,F,167.7,77.44,27.5,10대,1단계비만,59, 팔 벌려 뛰기, 볼 잡고 점프하기,걷기," 동적 스트레칭 루틴프로그램, 달리기"," 메디신 볼 잡고 팔굽혀펴기,  앉았다 일어서기,  뒤꿈치 높이들어 뛰기,  달리기"," 종아리 사이 감아 돌리기,  버피운동,  다리 뻗어 점프하기,  앉았다 일어서기"
246,69,하,F,154.0,64.8,27.3,60대,1단계비만,239,걷기, 엉덩이 스트레칭,자전거타기,없음," 대퇴사두근 스트레칭, 엉덩이 스트레칭,  자전거타기,  등/어깨 뒤쪽 스트레칭","엉덩이 스트레칭,  대퇴사두근 스트레칭,  등/어깨 뒤쪽 스트레칭,  자전거타기"
247,73,하,M,161.0,54.3,20.9,70대 이상,정상체중,260,전신 루틴 스트레칭, 몸통 들어올리기,전신 루틴 스트레칭,없음," 몸통 들어올리기,  목봉잡고 앉았다 일어나기,  엎드려서 팔 다리 들기,  걷기"," 몸통 들어올리기,  물속에서 걷기,  밴드 걸고 누워서 다리 들어올리기,  앉았다 일어서기"
248,53,하,M,171.2,67.7,23.1,50대,비만전단계,194,유산소 운동 전 동적 루틴 스트레칭, 서서 상체 일으키기,전신 루틴 스트레칭,없음," 엎드려 버티기,  누워서 다리 들어올리기, 앉았다 일어서기,  줄넘기"," 바벨들어올리기,  앉았다 일어서기,  누워서 밀기,  달리기"
249,52,중,F,150.3,43.66,19.3,50대,정상체중,190,걷기, 무릎 높여 제자리 달리기,전신 루틴 스트레칭,없음,"달리기,  줄넘기,  걷기,  엎드려 버티기"," 줄넘기, 달리기,  버피운동,  사다리 안팎 뛰기"
250,24,하,F,162.0,52.88,20.1,20대,정상체중,83,걷기, 무릎 높여 제자리 달리기,전신 루틴 스트레칭,없음," 계단 뛰기,  달리기, 달리기,  수영","달리기,  달리기,  사다리 옆으로 발 옮기기,  걷기"
251,26,하,F,164.1,56.7,21.1,20대,정상체중,83,걷기, 무릎 높여 제자리 달리기,전신 루틴 스트레칭,없음,"달리기,  엎드려 버티기,  걷기,  달리기"," 달리기, 달리기,  사다리 옆으로 발 옮기기,  계단 뛰기"
252,41,하,F,161.2,44.6,17.2,40대,저체중,149,전신 루틴 스트레칭, 누워서 팔 다리 동시에 들어올리기, 상지 루틴 스트레칭, 유산소 운동 전 동적 루틴 스트레칭,"앉았다 일어서기,  앉아서 밀기,  수영,  줄넘기"," 걷기,  누워서 배가로근 수축,  엎드려 버티기,  앉아서 밀기"
253,44,하,F,166.5,48.8,17.6,40대,저체중,149,전신 루틴 스트레칭, 누워서 팔 다리 동시에 들어올리기, 상지 루틴 스트레칭, 유산소 운동 전 동적 루틴 스트레칭," 달리기,  앉아서 밀기,  윗몸올리기 ,  소파를 이용한 윗몸올리기"," 누워서 수직으로 다리 들어올리기 ,  네발기기 자세에서 다리 위로 뻗어올리기,  앉았다 일어서기,  달리기"
254,45,하,M,167.3,57.6,20.6,40대,정상체중,152,유산소 운동 전 동적 루틴 스트레칭, 자전거타기,전신 루틴 스트레칭,없음,"앉았다 일어서기,  수영,  뒤로 팔굽혀펴기,  몸통 옆으로 굽히기"," 몸통 옆으로 굽히기,  앉아서 다리 펴기, 윗몸올리기 , 앉았다 일어서기"
255,45,상,F,164.9,66.0,24.3,40대,비만전단계,159, 상지 루틴 스트레칭, 옆으로 누워 버티기,하지 루틴 스트레칭," 전신 루틴 스트레칭,  하지 루틴 스트레칭, 하지 루틴 스트레칭,  유산소 운동 전 동적 루틴 스트레칭"," 엎드려 버티기,  네발기기 자세에서 다리 위로 뻗어올리기,  한발 앞으로 내밀고 앉았다 일어서기,  누워서 밀기"," 걷기, 계단 올라갔다 내려오기, 앉았다 일어서기,  네발기기 자세에서 다리 위로 뻗어올리기"
256,26,하,F,158.8,60.8,24.1,20대,비만전단계,89,걷기,달리기,전신 루틴 스트레칭,없음," 걷기,  무릎 높여 제자리 달리기,  수영,  옆으로 누워 버티기"," 무릎 높여 제자리 달리기,  걷기,  옆으로 누워 버티기,  수영"
257,57,중,M,167.5,68.9,24.6,50대,비만전단계,193,유산소 운동 전 동적 루틴 스트레칭, 엎드려 버티기,전신 루틴 스트레칭,없음," 앉아서 당겨 내리기,  버피운동,  걷기,  계단 올라갔다 내려오기"," 자전거타기,  팔굽혀펴기, 윗몸올리기 ,  버피운동"
258,42,하,F,164.9,66.0,24.3,40대,비만전단계,161,걷기,달리기,전신 루틴 스트레칭,없음," 버피운동,  계단 뛰기,  무릎 높여 제자리 달리기,  앉았다 일어서면서 점프하기"," 앉았다 일어서면서 점프하기,  계단 뛰기,  수영,  무릎 높여 제자리 달리기"
259,38,하,F,163.3,69.8,26.2,30대,1단계비만,131,상지 루틴 스트레칭,빠르게 걷기,전신 루틴 스트레칭,"하지 루틴 스트레칭,  유산소 운동 전 동적 루틴 스트레칭,  전신 루틴 스트레칭,  하지 루틴 스트레칭"," 누워서 엉덩이 들어올리기,  유산소 운동 전 동적 루틴 스트레칭,  줄넘기,  달리기"," 하지 루틴 스트레칭,  엎드려 버티기,  전신 루틴 스트레칭,  자전거타기"
260,35,하,F,161.9,50.2,19.2,30대,정상체중,119,유산소 운동 전 동적 루틴 스트레칭,윗몸올리기 ,전신 루틴 스트레칭,없음," 엎드려 버티기,  자전거타기,  엎드려서 팔 다리 들기,  앉아서 모으기"," 앉아서 다리 모으기,  몸통 들어올리기,  한발 앞으로 내밀고 앉았다 일어서기,  누워서 엉덩이 들어올리기"
261,15,하,M,162.4,57.0,21.6,10대,정상체중,44,걷기,달리기,전신 루틴 스트레칭,없음," 계단 올라갔다 내려오기,  걷기,  앉았다 일어서면서 점프하기,  계단 뛰기"," 줄넘기,  무릎 높여 제자리 달리기,  계단 뛰기,  앉았다 일어서면서 점프하기"
262,13,하,F,155.9,46.9,19.3,10대,정상체중,47,걷기, 무릎 높여 제자리 달리기,전신 루틴 스트레칭,없음," 수영,  버피운동,  앉았다 일어서면서 점프하기,  계단 올라갔다 내려오기"," 계단 뛰기,  수영,  버피운동,  앉았다 일어서면서 점프하기"
263,15,하,F,157.0,59.0,23.9,10대,비만전단계,53,유산소 운동 전 동적 루틴 스트레칭, 앉아서 당겨 내리기,전신 루틴 스트레칭,없음," 한발 앞으로 내밀고 앉았다 일어서기,  엎드려 버티기, 윗몸올리기 , 달리기"," 계단 올라갔다 내려오기, 윗몸올리기 ,  누워서 다리 들어올리기,  앉아서 모으기"
264,18,하,F,152.2,46.2,19.9,10대,정상체중,47,걷기, 무릎 높여 제자리 달리기,전신 루틴 스트레칭,없음," 수영,  계단 뛰기,  계단 올라갔다 내려오기,  버피운동"," 앉았다 일어서면서 점프하기,  수영,  버피운동,  계단 뛰기"
265,66,하,F,158.0,53.1,21.3,60대,정상체중,227,걷기, 엉덩이 스트레칭,자전거타기,없음,"엉덩이 스트레칭,  목 스트레칭,  골반 스트레칭,  회전근개 스트레칭","엉덩이 스트레칭,  골반 스트레칭,  회전근개 스트레칭,  목 스트레칭"
266,44,하,M,168.0,78.0,27.6,40대,1단계비만,164,걷기,달리기,전신 루틴 스트레칭,없음," 수영,  스텝퍼 옆으로 뛰어넘기,  걷기,  사다리 안팎 뛰기"," 사다리 안팎 뛰기,  수영,  걷기,  계단 뛰기"
267,53,하,F,156.0,54.1,22.2,50대,정상체중,191,유산소 운동 전 동적 루틴 스트레칭, 앉아서 당겨 내리기,전신 루틴 스트레칭,없음," 옆으로 누워 버티기, 달리기,  팔굽혀펴기,  앉아서 다리 펴기","달리기,  엎드려서 팔 다리 들기,  앉아서 밀기,  자전거타기"
268,52,하,F,155.0,58.0,24.1,50대,비만전단계,197,걷기, 무릎 높여 제자리 달리기,전신 루틴 스트레칭,없음," 계단 뛰기,  달리기, 달리기,  사다리 옆으로 발 옮기기"," 걷기,  사다리 옆으로 발 옮기기,  줄넘기,  계단 뛰기"
269,61,중,F,156.0,57.7,23.7,60대,비만전단계,232,목 스트레칭, 물병 들고 한발 앞으로 내밀고 앉았다 일어서기,엉덩이 스트레칭," 옆구리 스트레칭,  배 스트레칭,  몸통 앞으로 굽혀 걷기,  깍지 끼고 상체 숙이기"," 어깨 뒤쪽 스트레칭,  엉덩이 스트레칭,  골반 스트레칭,  밴드 걸고 누워서 다리 들어올리기","목 스트레칭,  짐볼에서 윗몸 일으키기,  양팔 벌려 전신 비틀기,  계단 올라갔다 내려오기"
270,62,하,F,161.0,65.6,25.3,60대,1단계비만,239,걷기, 엉덩이 스트레칭,자전거타기,없음," 대퇴사두근 스트레칭,  자전거타기,  등/어깨 뒤쪽 스트레칭, 엉덩이 스트레칭"," 대퇴사두근 스트레칭, 엉덩이 스트레칭,  등/어깨 뒤쪽 스트레칭,  자전거타기"
271,31,하,M,174.0,65.4,21.6,30대,정상체중,116,걷기, 무릎 높여 제자리 달리기,전신 루틴 스트레칭,없음," 계단 뛰기, 달리기,  달리기,  걷기"," 달리기,  자전거타기, 달리기,  줄넘기"
272,88,하,F,130.0,55.9,33.1,70대 이상,2단계비만,281,걷기, 엉덩이 스트레칭,자전거타기,없음," 엉덩이 스트레칭,  공 잡고 들어올리기,  자전거타기,  목 스트레칭"," 엉덩이 스트레칭,  목 스트레칭, 엉덩이 스트레칭,  공 잡고 들어올리기"
273,88,중,M,162.7,47.8,18.1,70대 이상,저체중,253,전신 루틴 스트레칭, 걷기,전신 루틴 스트레칭," 걷기,  유산소 운동 전 동적 루틴 스트레칭"," 서서 상체 일으키기,  스텝박스 오르내리기 ,  몸통 들어올리기,  유산소 운동 전 동적 루틴 스트레칭"," 밴드 걸고 앉아서 발등 굽힘,  목봉잡고 앉았다 일어나기,  밴드 머리 뒤로 들어올리기,  서서 상체 일으키기"
274,63,하,M,163.7,68.6,25.6,60대,1단계비만,236,걷기,엉덩이 스트레칭,자전거타기,없음," 골반 스트레칭,  엉덩이 스트레칭, 허리 스트레칭,  회전근개 스트레칭","허리 스트레칭,  엉덩이 스트레칭,  골반 스트레칭,  회전근개 스트레칭"
275,72,하,F,151.8,58.2,25.3,70대 이상,1단계비만,275,전신 루틴 스트레칭, 서서 상체 일으키기,전신 루틴 스트레칭,없음," 스텝박스,  수영,  물통으로 양팔 들어올리기,  물속에서 걷기"," 자전거타기,  윗몸올리기 ,  엎드려 뒤로 다리 올리기,  누워서 엉덩이 들어올리기"
276,72,하,M,167.0,66.8,24.0,70대 이상,비만전단계,266,전신 루틴 스트레칭, 의자에 앉아 등 굽혔다 펴기,전신 루틴 스트레칭,없음," 서서 상체 일으키기,  물병 들고 한발 앞으로 내밀고 앉았다 일어서기,  벽에서 팔굽혀 펴기,  물통으로 양팔 들어올리기"," 엎드려 양팔 및 다리 들어올리기,  자전거타기,  엎드려 버티기, 윗몸올리기 "
277,58,하,M,169.0,75.58,26.5,50대,1단계비만,200,유산소 운동 전 동적 루틴 스트레칭, 앉아서 다리 펴기,전신 루틴 스트레칭,없음," 윗몸올리기 , 앉았다 일어서기,  줄넘기, 윗몸올리기 "," 누워서 밀기, 윗몸올리기 ,  자전거타기,  앉아서 다리 모으기"
278,71,하,M,163.0,65.0,24.5,70대 이상,비만전단계,266,전신 루틴 스트레칭, 의자 앞에서 앉았다 일어서기,전신 루틴 스트레칭,없음,"윗몸올리기 ,  서서 상체 일으키기,  물통으로 양팔 들어올리기,  자전거타기"," 서서 뒤꿈치 들기,  팔굽혀펴기,  물병 들고 한발 앞으로 내밀고 앉았다 일어서기,  걷기"
279,60,중,F,166.0,61.3,22.2,60대,정상체중,226,전신 루틴 스트레칭, 몸통 들어올리기,전신 루틴 스트레칭, 유산소 운동 전 동적 루틴 스트레칭," 팔꿈치 굽히기,  엎드려 양팔 및 다리 들어올리기,  앉았다 일어서기,  유산소 운동 전 동적 루틴 스트레칭"," 팔굽혀펴기,  밴드 머리 뒤로 들어올리기,  팔꿈치 굽히기,  엎드려 양팔 및 다리 들어올리기"
280,67,하,F,153.0,58.6,25.0,60대,1단계비만,239,걷기,엉덩이 스트레칭,자전거타기,없음," 엉덩이 스트레칭,  등/어깨 뒤쪽 스트레칭,  자전거타기,  대퇴사두근 스트레칭"," 엉덩이 스트레칭,  자전거타기,  대퇴사두근 스트레칭,  등/어깨 뒤쪽 스트레칭"
281,62,하,F,156.0,59.5,24.4,60대,비만전단계,233,걷기, 엉덩이 스트레칭,자전거타기,없음," 등/어깨 뒤쪽 스트레칭,  골반 스트레칭,  목 스트레칭, 엉덩이 스트레칭"," 목 스트레칭, 엉덩이 스트레칭,  등/어깨 뒤쪽 스트레칭,  골반 스트레칭"
282,76,중,F,145.0,49.9,23.7,70대 이상,비만전단계,268, 아래 팔 스트레칭, 의자 잡고 한발 들기, 누워서 전신 뻗기," 허리 스트레칭,  회전근개 스트레칭, 목 스트레칭,  넙다리 스트레칭"," 넙다리 스트레칭,  의자 잡고 서기,  물통으로 양팔 들어올리기, 짐볼 이용해 앉았다 일어서기"," 좌우 찍기,  수영,  아래 팔 스트레칭,  옆으로 걷기"
283,54,하,F,148.0,51.2,23.4,50대,비만전단계,197,걷기,달리기,전신 루틴 스트레칭,없음," 달리기,  무릎 높여 제자리 달리기,  줄넘기,  사다리 옆으로 발 옮기기"," 줄넘기,  무릎 높여 제자리 달리기,  걷기,  달리기"
284,64,하,F,145.0,49.3,23.4,60대,비만전단계,233,걷기,엉덩이 스트레칭,자전거타기,없음," 엉덩이 스트레칭,  목 스트레칭,  등/어깨 뒤쪽 스트레칭,  골반 스트레칭"," 등/어깨 뒤쪽 스트레칭,  엉덩이 스트레칭,  골반 스트레칭,  목 스트레칭"
285,65,하,F,149.0,57.8,26.0,60대,1단계비만,239,걷기,엉덩이 스트레칭,자전거타기,없음," 자전거타기,  등/어깨 뒤쪽 스트레칭,  대퇴사두근 스트레칭,  엉덩이 스트레칭"," 자전거타기,  등/어깨 뒤쪽 스트레칭,  엉덩이 스트레칭,  대퇴사두근 스트레칭"
286,65,하,F,152.0,61.1,26.4,60대,1단계비만,239,걷기, 엉덩이 스트레칭,자전거타기,없음," 대퇴사두근 스트레칭,  자전거타기,  등/어깨 뒤쪽 스트레칭, 엉덩이 스트레칭"," 자전거타기,  대퇴사두근 스트레칭, 엉덩이 스트레칭,  등/어깨 뒤쪽 스트레칭"
287,72,하,F,157.0,54.4,22.1,70대 이상,정상체중,263,전신 루틴 스트레칭, 의자 앞에서 앉았다 일어서기,전신 루틴 스트레칭,없음," 걷기, 윗몸올리기 ,  서서 상체 일으키기,  누워서 엉덩이 들어올리기"," 수영,  아쿠아로빅,  물속에서 걷기,  물병 들고 한발 앞으로 내밀고 앉았다 일어서기"
288,13,하,M,156.0,56.5,23.2,10대,비만전단계,50,걷기,달리기,전신 루틴 스트레칭,없음," 무릎 높여 제자리 달리기,  수영,  계단 올라갔다 내려오기,  엎드려 버티기"," 계단 뛰기,  앉았다 일어서기,  엎드려 버티기,  수영"
289,13,중,F,156.0,41.9,17.2,10대,저체중,40, 상지 루틴 스트레칭, 파워클린,전신 루틴 스트레칭,"하지 루틴 스트레칭,  상지 루틴 스트레칭, 상지 루틴 스트레칭,  전신 루틴 스트레칭"," 누워서 팔 다리 동시에 들어올리기,  달리기,  뛰어 내렸다가 바로 점프하기,  유산소 운동 전 동적 루틴 스트레칭"," 하지 루틴 스트레칭,  네발기기 자세로 팔 다리 들기, 상지 루틴 스트레칭,  유산소 운동 전 동적 루틴 스트레칭"
290,13,하,M,156.0,46.8,19.2,10대,정상체중,44,걷기, 무릎 높여 제자리 달리기,전신 루틴 스트레칭,없음," 계단 뛰기,  줄넘기, 달리기,  걷기","달리기,  걷기,  앉았다 일어서면서 점프하기,  계단 올라갔다 내려오기"
291,38,하,F,167.0,56.7,20.3,30대,정상체중,119,유산소 운동 전 동적 루틴 스트레칭, 앉아서 다리 밀기,전신 루틴 스트레칭,없음," 엎드려서 팔 다리 들기,  계단 올라갔다 내려오기,  네발기기 자세로 팔 다리 들기,  앉아서 다리 모으기"," 걷기,  팔굽혀펴기,  수영,  몸통 들어올리기"
292,55,하,F,154.0,62.6,26.4,50대,1단계비만,203,걷기,달리기,전신 루틴 스트레칭,없음," 걷기,  계단 올라갔다 내려오기,  계단 뛰기,  달리기"," 계단 뛰기,  걷기,  줄넘기,  달리기"
293,56,하,F,154.9,61.24,25.5,50대,1단계비만,203,걷기, 무릎 높여 제자리 달리기,전신 루틴 스트레칭,없음,"달리기,  계단 뛰기,  줄넘기,  걷기"," 계단 뛰기, 달리기,  걷기,  달리기"
294,14,하,F,166.6,72.92,26.3,10대,1단계비만,59,달리기,맨몸운동  루틴프로그램,걷기," 동적 스트레칭 루틴프로그램,  팔 벌려 뛰기"," 동적 스트레칭 루틴프로그램,  달리기,  사다리 이용 루틴 운동,  앉았다 일어서기"," 버피운동,  자전거타기,  다리 뻗어 점프하기, 걷기"
295,63,하,F,156.1,59.5,24.4,60대,비만전단계,233,걷기, 엉덩이 스트레칭,자전거타기,없음," 골반 스트레칭, 엉덩이 스트레칭,  목 스트레칭,  등/어깨 뒤쪽 스트레칭","엉덩이 스트레칭,  골반 스트레칭,  등/어깨 뒤쪽 스트레칭,  목 스트레칭"
296,64,하,F,152.7,61.8,26.5,60대,1단계비만,239,걷기, 엉덩이 스트레칭,자전거타기,없음,"엉덩이 스트레칭,  대퇴사두근 스트레칭,  자전거타기,  등/어깨 뒤쪽 스트레칭"," 자전거타기,  등/어깨 뒤쪽 스트레칭, 엉덩이 스트레칭,  대퇴사두근 스트레칭"
297,56,하,F,162.7,68.9,26.0,50대,1단계비만,203,걷기,달리기,전신 루틴 스트레칭,없음," 계단 뛰기,  걷기,  줄넘기,  계단 올라갔다 내려오기"," 줄넘기,  계단 올라갔다 내려오기,  무릎 높여 제자리 달리기,  달리기"
298,49,중,F,161.6,64.7,24.8,40대,비만전단계,160,유산소 운동 전 동적 루틴 스트레칭, 누워서 엉덩이 들어올리기,전신 루틴 스트레칭,없음," 엎드려 버티기,  앉아서 다리 펴기,  누워서 다리 들어올리기,  달리기"," 줄넘기,  누워서 다리 들어올리기,  앉아서 다리 펴기,  앉아서 밀기"
299,64,하,F,146.0,49.5,23.2,60대,비만전단계,233,걷기,엉덩이 스트레칭,자전거타기,없음," 골반 스트레칭,  엉덩이 스트레칭,  목 스트레칭,  등/어깨 뒤쪽 스트레칭"," 목 스트레칭,  골반 스트레칭,  엉덩이 스트레칭,  등/어깨 뒤쪽 스트레칭"
